stop_id,n_riders,avg_dwell_minutes,n_riders_with_home,n_riders_with_work,routes,address
stop_00000,246,9.263482384823847,243,241,17,Desert Blvd South & Blue Sky
stop_00001,24,14.979861111111111,24,24,69,Southside Rd & Santa Rosalia Ct
stop_00002,30,19.436666666666667,30,29,69,Southside Rd & Carranza Dr
stop_00003,121,20.074104683195593,121,116,69,Southside Rd & Corralitos Ave
stop_00004,36,23.925925925925927,36,36,43,Sun Valley Dr & Whitetail Dr
stop_00005,49,18.707142857142856,49,49,43,Sun Valley Dr & Antler Dr
stop_00006,81,11.748148148148148,80,79,43,Cross St & Deer Ave
stop_00007,972,20.41332304526749,961,930,43,6145 Quail Ave
stop_00008,1062,19.16854990583804,1046,996,43,6043 Quail Ave
stop_00009,113,14.7452802359882,112,112,43,Quail Ave & Matador St
stop_00010,59,13.359604519774011,58,59,43,10104 Pheasant Rd
stop_00011,24,15.118055555555555,24,24,43,10146 Pheasant Rd
stop_00012,92,22.04981884057971,91,91,53,Tierra Este & Tierra Grande
stop_00013,61,14.493715846994535,60,60,53,Tierra Este & Tierra Rica
stop_00014,405,42.385843621399175,404,396,53,Tierra Rica & Tierra Norte
stop_00015,46,11.594202898550725,45,46,53,Tierra Este & Tierra Bonita
stop_00016,63,15.178306878306879,62,63,53,Tierra Este & Tierra Robles
stop_00017,105,10.707460317460317,105,105,53,Charles R. Schulte & Zaragoza Rd
stop_00018,82,10.764227642276422,81,82,53,Sun Country Dr & Sun Fire Blvd
stop_00019,28,28.454761904761906,28,27,53,Sun Fire Blvd & Sun Terrace Ave
stop_00020,163,11.30521472392638,161,161,53,10635 Gateway West Blvd
stop_00021,122,11.55464480874317,121,119,36|57,2801 Harrison Ave
stop_00022,48,12.579861111111112,46,46,62,200 C R Croom Rd
stop_00023,77,12.47121212121212,77,74,24|62,362 Val Verde St
stop_00024,12,27.129166666666666,12,12,12,435 Mesa Hills Dr
stop_00025,232,12.616810344827586,232,231,52,3000 Nolan Richardson Dr
stop_00026,177,11.478060263653484,177,177,56,6966 Gateway East Blvd
stop_00027,22,15.536363636363637,22,21,11,614 Baltimore Dr
stop_00028,74,9.679954954954956,72,71,3,Socorro Rd & Oscar Alvarez Ct
stop_00029,78,10.98974358974359,77,78,13,1610 Mesa St
stop_00030,71,15.55680751173709,71,70,24,Comanche Ave & Tobin Pl
stop_00031,386,9.82754749568221,383,385,51|69,Edgemere Blvd & George Dieter Dr
stop_00032,58,10.65919540229885,58,58,51,Edgemere Blvd & Pendleton Rd
stop_00033,248,10.814112903225807,245,248,51,Edgemere Blvd & Lee Blvd
stop_00034,53,13.354716981132075,53,53,51,Edgemere Blvd & Jan De Roos
stop_00035,49,10.194557823129252,49,47,51,Edgemere Blvd & War Rose Pl
stop_00036,261,11.422733077905493,261,258,51,Edgemere Blvd & Nolan Richardson Dr
stop_00037,133,18.921929824561403,133,133,51,Edgemere Blvd & Tower Arms Dr
stop_00038,102,11.424673202614379,101,100,51,Edgemere Blvd & Banner Crest Dr
stop_00039,196,10.720408163265304,196,196,51,Edgemere Blvd & Tierra Zafiro Dr
stop_00040,725,20.769816091954024,717,705,51,Edgemere Blvd & Tierra Cobre Dr
stop_00041,88,12.29905303030303,88,88,51,Tierra Este Rd & Tierra Inca Dr
stop_00042,24,15.393749999999999,24,24,51,RC Poe Rd & Pablo Sanchez Pl
stop_00043,413,21.06077481840194,403,396,51,RC Poe Rd & Sammy Reece Pl
stop_00044,309,22.604908306364617,306,300,51,Edgemere Blvd & Tierra Roma
stop_00045,128,9.971354166666666,127,128,51,Edgemere Blvd & Tierra Angel Dr
stop_00046,147,11.380612244897959,147,145,51,Edgemere Blvd & Tierra Nevada Dr
stop_00047,109,9.053822629969419,109,108,51,12401 Edgemere Blvd
stop_00048,177,18.600282485875706,175,174,51,Edgemere Blvd & Tierra Cromo Rd
stop_00049,161,10.805383022774327,161,161,51,Edgemere Blvd & Mike Godwin Dr
stop_00050,64,10.300520833333334,64,64,51,Edgemere Blvd & Oxcart Run
stop_00051,5,7.736666666666666,5,5,84,Robin Rd & Stockyard Dr
stop_00052,32,11.925520833333334,32,32,84,Horizon Blvd & Robin Rd
stop_00053,16,9.45625,15,16,84,901 Horizon Blvd
stop_00054,87,12.518007662835249,87,87,84,657 Horizon Blvd
stop_00055,11,8.015151515151514,11,11,84,FM 1110 & Hansard Dr
stop_00056,19,11.758771929824562,19,19,84,405 FM 1110
stop_00057,61,15.81120218579235,60,61,84,FM 1110 & Campo Bello Dr
stop_00058,29,12.17183908045977,28,29,43,Kenworthy St & Folsom
stop_00059,48,12.424652777777778,48,48,43,9650 Kenworthy St
stop_00060,35,12.143809523809525,35,35,43,4651 Cohen
stop_00061,28,8.904166666666667,28,28,43,4641 Cohen
stop_00062,176,7.267708333333332,175,176,53,Montwood Dr & Sun Fire Blvd
stop_00063,36,9.844907407407408,36,35,53,Charles E. Schulte Dr & Sun Country Dr
stop_00064,85,8.616470588235293,85,85,22,401 Raynolds St
stop_00065,5693,10.276482815153113,5635,5591,7,North Loop Dr & Yarbrough Dr
stop_00066,219,9.77351598173516,217,217,50,Montana Ave & Robert E Lee Rd
stop_00067,1709,9.181597425394967,1697,1691,50,Montana Ave & Airway Blvd
stop_00068,113,10.105457227138643,113,112,50,Montana Ave & Brookhaven Dr
stop_00069,87,11.514750957854405,87,87,50,Montana Ave & Honeysuckle Dr
stop_00070,211,25.523933649289102,210,199,50,Montana Ave & Meadowview Dr
stop_00071,110,10.445454545454545,110,109,50,Montana Ave & Cessna Dr
stop_00072,203,12.7876026272578,200,200,50,1545 Hawkins Blvd
stop_00073,808,19.299917491749177,798,765,50,1500 Hawkins Blvd
stop_00074,112,15.09032738095238,112,110,50,1401 Hawkins Blvd
stop_00075,97,13.32147766323024,96,97,50,1300 Hawkins Blvd
stop_00076,1195,9.168270571827058,1191,1187,50,1200 Hawkins Blvd
stop_00077,1166,9.117124070897656,1161,1157,50,1201 Hawkins Blvd
stop_00078,239,12.046582984658299,238,235,7,8700 Viscount Blvd
stop_00079,162,16.0809670781893,162,158,7,8500 Viscount Blvd
stop_00080,1511,13.499139642620781,1483,1459,7,7700 Viscount Blvd
stop_00081,110,16.038939393939394,110,109,50,1400 Hawkins Blvd
stop_00082,3,6.355555555555555,3,3,50,Montana Ave & Centurion Dr
stop_00083,167,10.219061876247505,163,165,50,6593 Montana Ave
stop_00084,504,10.572255291005291,501,503,50,Montana Ave & Magruder St
stop_00085,235,9.378226950354609,235,235,50,Montana Ave & Glenwood St
stop_00086,290,9.648620689655171,290,290,50,Montana Ave & Trowbridge Dr
stop_00087,532,10.234617794486216,530,529,50,Montana Ave & Huckleberry St
stop_00088,50,10.516666666666667,50,50,50,Montana Ave & Houston St
stop_00089,110,16.197424242424244,109,109,50,Montana Ave & Travis St
stop_00090,74,12.522522522522522,73,73,50,Montana Ave & Luna St
stop_00091,141,15.745390070921985,141,139,33|50,3201 Hueco Ave
stop_00092,63,15.458201058201059,63,63,35,Yandell Dr & Maple St
stop_00093,126,11.732275132275133,126,126,35,Yandell Dr & Magnolia St
stop_00094,69,18.42270531400966,69,69,35,Yandell Dr & Palm St
stop_00095,59,21.772598870056495,59,59,35,Yandell Dr & Willow St
stop_00096,234,11.659116809116808,231,231,35,Yandell Dr & Cotton St
stop_00097,81,15.07962962962963,79,81,35,Yandell Dr & Dallas St
stop_00098,87,13.916091954022988,87,87,35,Yandell Dr & Langtry St
stop_00099,107,15.289719626168225,105,104,35,Yandell Dr & Octavia St
stop_00100,66,14.512878787878789,64,65,35,Yandell Dr & St Vrain St
stop_00101,154,11.057034632034632,149,146,14,500 Mesa St
stop_00102,124,10.336155913978494,122,119,11,700 Mesa St
stop_00103,142,6.758568075117371,139,132,11|23,914 Mesa St
stop_00104,1090,8.827033639143732,1009,986,11,1118 Mesa St
stop_00105,124,15.091397849462364,122,120,13,1300 Mesa St
stop_00106,140,14.740476190476189,133,132,13,1500 Mesa St
stop_00107,332,11.854267068273092,327,325,13,1800 Mesa St
stop_00108,4415,9.813174782936956,4354,4284,13,2200 Mesa St
stop_00109,658,9.83885511651469,652,652,13,2400 Mesa St
stop_00110,758,11.085290237467017,752,750,13,2606 Mesa St
stop_00111,1038,11.022896596017983,1030,1022,12,2800 Mesa St
stop_00112,178,12.261516853932585,177,177,12,3100 Mesa St
stop_00113,129,11.808397932816538,129,127,12,3300 Mesa St
stop_00114,325,14.006666666666668,324,324,12,3800 Mesa St
stop_00115,174,11.671072796934865,174,173,12,4108 Mesa St
stop_00116,455,9.277216117216117,453,450,12,4164 Mesa St
stop_00117,168,13.369047619047619,168,168,12,4400 Mesa St
stop_00118,138,14.885144927536233,137,135,12,4532 Mesa St
stop_00119,150,11.625111111111112,149,150,12|15,4646 Mesa St
stop_00120,155,12.178387096774195,153,153,12,4798 Mesa St
stop_00121,113,12.119911504424778,111,113,12,4900 Mesa St
stop_00122,1027,16.784323271665045,1016,996,12,5111 Mesa St
stop_00123,681,11.205775819872736,672,666,12,5360 Mesa St
stop_00124,78,9.8232905982906,78,78,12,5668 Mesa St
stop_00125,1027,10.111765660499838,1018,1016,13|15,5800 Mesa St
stop_00126,513,11.687751786874594,513,508,15,6020 Mesa St
stop_00127,1264,9.698905590717299,1254,1250,15,6100 Mesa St
stop_00128,800,10.886270833333333,795,794,15,6306 Mesa St
stop_00129,1699,14.45466941338042,1685,1659,15,6510 Mesa St
stop_00130,418,11.853628389154705,416,415,15,6600 Mesa St
stop_00131,865,9.492678227360308,860,857,15,6910 Mesa St
stop_00132,229,10.706186317321688,228,227,15,7100 Mesa St N
stop_00133,242,9.860055096418732,241,241,14,7420 Mesa St N
stop_00134,566,10.394552414605418,564,563,14,7500 Mesa St
stop_00135,1220,9.601543715846994,1214,1209,14,7600 Mesa St
stop_00136,519,9.970263326910725,516,517,14,7870 Mesa St
stop_00137,425,9.97443137254902,424,423,14,7575 Mesa St
stop_00138,181,10.006077348066297,181,180,14,7410 Mesa St
stop_00139,556,12.116306954436451,551,546,15,6545 Mesa St N
stop_00140,1230,13.705840108401086,1217,1194,15,6409 Mesa St
stop_00141,692,11.035573217726396,691,683,15,6019 Mesa St
stop_00142,140,11.232857142857142,139,138,15,5857 Mesa St
stop_00143,148,10.289076576576576,147,147,12,5700 Mesa St
stop_00144,237,12.660900140646975,236,236,12,5411 Mesa St
stop_00145,134,11.076616915422886,134,134,12,4700 Mesa St
stop_00146,343,13.900534499514091,342,340,12,3737 Mesa St
stop_00147,1002,10.962608117099135,995,987,12,2801 Mesa St
stop_00148,176,9.938257575757577,175,173,12,2600 Oregon St
stop_00149,209,16.246331738437004,206,206,12,2301 Oregon St
stop_00150,524,12.01071882951654,515,505,10|12,2100 Oregon St
stop_00151,600,12.240166666666667,570,580,10,1900 Oregon St
stop_00152,174,11.185632183908046,173,172,11,1600 Oregon St
stop_00153,104,16.04775641025641,96,95,11,1500 Oregon St
stop_00154,420,16.314047619047617,399,381,11,1401 Oregon St
stop_00155,315,10.275502645502645,300,291,11,1115 Oregon St
stop_00156,208,7.434455128205128,195,190,11,900 Oregon St
stop_00157,190,10.83201754385965,189,186,10|11,600 Oregon St
stop_00158,420,10.94234126984127,420,417,35,Dyer St & Rutherford Dr
stop_00159,399,11.009607351712614,397,394,35,Dyer St & Maxwell Ave
stop_00160,71,9.098826291079812,71,71,35,Dyer St & Moonlight Ave
stop_00161,678,11.405014749262538,675,672,35,8735 Dyer St
stop_00162,47,9.310283687943262,47,47,35,Dyer St & Arlen Dr
stop_00163,106,9.875157232704403,106,104,35,Dyer St & Sunrise Ave
stop_00164,131,9.149618320610687,131,130,35,Dyer St & Lawrence Ave
stop_00165,88,10.426325757575757,84,85,35,Dyer St & Edgar Park Ave
stop_00166,154,11.767965367965369,151,154,35,Dyer St & Ellerthorpe Ave
stop_00167,165,12.227575757575757,162,165,35,Dyer St & Leavell Ave/Flory
stop_00168,379,10.94547053649956,373,373,35,5700 Dyer St
stop_00169,1219,8.630092972381734,1211,1199,35,5501 Dyer St
stop_00170,299,10.282274247491639,298,298,35,Dyer St & Fred Wilson Ave
stop_00171,265,14.972704402515724,260,262,32,5017 Dyer St
stop_00172,755,13.1378587196468,746,728,35,Dyer St & Lincoln Ave
stop_00173,1165,16.4868669527897,1152,1115,35,Dyer St & Pierce Ave
stop_00174,1828,12.231044857768051,1812,1783,35,Dyer St & Taylor Ave
stop_00175,551,14.599516031457954,548,535,35,Dyer St & Tyler Ave
stop_00176,606,8.860203520352036,602,596,35,Dyer St & Jefferson Ave
stop_00177,202,11.977475247524751,201,200,35,Dyer St & Mc Kinley Ave
stop_00178,808,10.064645214521452,802,800,35,Dyer St & Tompkins Rd
stop_00179,88,12.821969696969695,88,88,35,Dyer St & Porter Ave
stop_00180,53,16.9251572327044,53,50,35,Sacramento Ave & Lackland St
stop_00181,45,22.919259259259256,45,45,35,Sacramento Ave & Russell St
stop_00182,52,14.086858974358973,52,52,35,Sacramento Ave & Copia St
stop_00183,62,12.158870967741937,59,61,35,Copia St & Mobile Ave
stop_00184,505,19.238415841584157,502,467,35,Copia St & Frankfort Ave
stop_00185,427,7.889617486338798,424,420,35,Copia St & Altura Ave
stop_00186,61,10.582513661202185,61,61,35,Copia St & Louisville Ave
stop_00187,65,10.598974358974358,64,64,35,Copia St & Aurora Ave
stop_00188,115,20.32072463768116,113,113,35,Copia St & Bisbee Ave
stop_00189,645,12.459560723514212,639,633,30|35,3601 Pershing Dr
stop_00190,1467,22.658373097023407,1449,1391,35,Copia St & Hueco Ave
stop_00191,928,9.18710488505747,920,920,35|50,Copia St & Montana Ave
stop_00192,258,11.535206718346254,256,254,35,Copia St & Yandell Dr
stop_00193,56,17.77113095238095,56,54,35,Yandell Dr & Grama St
stop_00194,72,15.543055555555554,72,71,35,Yandell Dr & Luna St
stop_00195,48,20.299652777777776,47,46,35,Yandell Dr & Cebada St
stop_00196,66,17.695454545454545,65,66,35,Yandell Dr & San Marcial St
stop_00197,37,13.21081081081081,37,37,35,Sacramento Ave & Byron St
stop_00198,54,14.33641975308642,54,53,35,Sacramento Ave & Stevens St
stop_00199,243,17.080727023319618,241,236,35,Sacramento Ave & Partello St
stop_00200,73,13.373744292237442,73,73,35,Dyer St & Idalia Ave
stop_00201,133,14.08170426065163,133,131,35,Dyer St & Fort Blvd
stop_00202,131,10.48613231552163,131,128,35,Dyer St & Mountain Ave
stop_00203,1683,9.568884927708456,1672,1659,35,Dyer St & Monroe Ave
stop_00204,972,13.682836076817559,956,953,35,Dyer St & Harrison Ave
stop_00205,106,11.121698113207549,105,105,1|51,2400 Mc Rae Blvd
stop_00206,75,15.209111111111111,74,75,1,2700 Mc Rae Blvd
stop_00207,37,9.37027027027027,37,37,1,2800 Mc Rae Blvd
stop_00208,52,14.201923076923077,52,52,51,3200 Mc Rae Blvd
stop_00209,72,15.604398148148148,71,71,51,10100 Edgemere Blvd
stop_00210,52,23.137500000000003,52,52,51,10500 Edgemere Blvd
stop_00211,58,11.398275862068965,57,58,51,10700 Edgemere Blvd
stop_00212,177,15.926647834274954,174,174,51,10865 Edgemere Blvd
stop_00213,449,8.729398663697104,447,445,51,10900 Edgemere Blvd
stop_00214,75,10.612666666666668,74,75,51,11000 Edgemere Blvd
stop_00215,101,16.023597359735973,101,100,51,11100 Edgemere Blvd
stop_00216,122,24.578688524590163,122,119,69,George Dieter Dr & Tenaha Ave
stop_00217,132,14.794444444444444,131,129,69,George Dieter Dr & Breckenridge Dr
stop_00218,368,10.90036231884058,368,367,50,6124 Montana Ave
stop_00219,1200,17.976166666666668,1184,1177,50,Montana Ave & El Portal Dr
stop_00220,367,9.788283378746595,363,364,61,1500 Texas Ave
stop_00221,100,13.473333333333333,100,100,61,1700 Texas Ave
stop_00222,97,13.262714776632302,94,95,61,1918 Texas Ave
stop_00223,108,16.270833333333332,108,108,61,2102 Texas Ave
stop_00224,94,11.70886524822695,94,94,61,2314 Alameda Ave
stop_00225,390,11.185726495726495,389,388,21,3222 Alameda Ave
stop_00226,692,14.101806358381504,680,667,50,4635 Montana Ave
stop_00227,147,18.8218820861678,147,145,21,3402 Alameda Ave
stop_00228,732,11.851229508196722,729,725,21,3600 Alameda Ave
stop_00229,277,12.28086642599278,275,275,21,3816 Alameda Ave
stop_00230,276,13.51207729468599,275,272,21,3902 Alameda Ave
stop_00231,311,11.476956055734192,306,297,21,4108 Alameda Ave
stop_00232,850,13.79007843137255,845,843,21,4230 Alameda Ave
stop_00233,89,11.058614232209738,89,89,21,4400 Alameda Ave
stop_00234,142,9.257863849765258,142,142,21,4606 Alameda Ave
stop_00235,194,11.108591065292096,193,194,21,4700 Alameda Ave
stop_00236,236,11.00614406779661,235,234,50,Montana Ave & Boone St
stop_00237,174,10.481992337164751,173,172,50,Montana Ave & Marr St
stop_00238,216,12.072685185185184,214,215,50,Montana Ave & Radford St
stop_00239,871,9.96777650210486,867,868,22|50,900 Chelsea St
stop_00240,1327,9.3976764632002,1320,1315,25,Montana Ave & Geronimo Dr
stop_00241,220,9.448712121212122,220,219,50,Montana Ave & Mescalero Dr
stop_00242,69,9.786473429951691,69,69,25,5000 Alameda Ave
stop_00243,826,9.23543179983858,824,821,37|50,Montana Ave & Isha Way
stop_00244,430,9.551821705426358,429,429,37|50,Montana Ave & Sioux Dr
stop_00245,444,10.921396396396398,439,438,23,5660 Alameda Ave
stop_00246,181,11.401381215469614,181,181,23|24,5800 Alameda Ave
stop_00247,135,10.414444444444445,135,134,23,6000 Alameda Ave
stop_00248,471,8.720346779900922,465,463,23,6100 Alameda Ave
stop_00249,69,13.497342995169081,69,68,23,6298 Alameda Ave
stop_00250,222,12.366216216216218,221,218,23,6400 Alameda Ave
stop_00251,96,13.22638888888889,96,93,23,6624 Alameda Ave
stop_00252,93,11.197849462365593,92,93,23,6808 Alameda Ave
stop_00253,260,10.525833333333333,257,259,61,7024 Alameda Ave
stop_00254,234,11.504131054131054,233,233,61,7050 Alameda Ave
stop_00255,100,12.9835,99,99,50|61,7090 Alameda Ave
stop_00256,285,9.698304093567252,282,284,61|62,100 George Orr Rd
stop_00257,363,8.35036730945822,362,362,50,1212 Hawkins Blvd
stop_00258,242,9.654201101928374,241,241,61,7145 Alameda Ave
stop_00259,102,12.894607843137255,102,102,61,7178 Alameda Ave
stop_00260,174,12.73295019157088,174,171,61,7198 Alameda Ave
stop_00261,296,14.41632882882883,293,292,61,7262 Alameda Ave
stop_00262,276,10.578381642512078,275,275,61,7303 Alameda Ave
stop_00263,325,13.769384615384617,323,322,61,7332 Alameda Ave
stop_00264,174,10.002681992337164,172,174,61,7360 Alameda Ave
stop_00265,492,10.588617886178863,486,484,12,4000 Mesa St
stop_00266,119,11.022689075630252,118,118,61,7526 Alameda Ave
stop_00267,233,11.767238912732475,232,232,61,7580 Alameda Ave
stop_00268,200,9.934333333333333,199,198,61,7624 Alameda Ave
stop_00269,414,11.293679549114332,414,408,61,7660 Alameda Ave
stop_00270,380,9.925087719298245,375,370,61,7694 Alameda Ave
stop_00271,185,14.132882882882884,184,185,61,7728 Alameda Ave
stop_00272,151,14.972847682119205,149,149,61,7904 Alameda Ave
stop_00273,1271,9.39993443482822,1264,1260,12,5400 Mesa St
stop_00274,66,15.74949494949495,65,65,61,7958 Alameda Ave
stop_00275,623,15.362172284644194,617,609,61,7988 Alameda Ave
stop_00276,137,10.918978102189781,137,137,14,7465 Mesa St
stop_00277,202,14.053877887788778,202,202,15,7133 Mesa St
stop_00278,355,12.434741784037557,350,352,12,5547 Mesa St
stop_00279,117,14.934188034188034,116,116,12,4503 Mesa St
stop_00280,267,12.076529338327092,267,264,12,4301 Mesa St
stop_00281,184,13.700634057971014,182,183,61,8064 Alameda Ave
stop_00282,1019,9.93361138370952,1017,1012,61,8116 Alameda Ave
stop_00283,108,12.13935185185185,108,108,3,8212 Alameda Ave
stop_00284,182,13.395879120879123,181,180,12,3233 Mesa St
stop_00285,97,13.466666666666667,97,96,3,8300 Alameda Ave
stop_00286,109,9.143272171253823,109,109,12,3333 Mesa St
stop_00287,64,9.622916666666667,64,63,3,Alameda Ave & Mc Elroy Ave
stop_00288,236,14.54470338983051,235,235,12,4045 Mesa St
stop_00289,126,11.160582010582011,126,124,3,8368 Alameda Ave
stop_00290,231,10.692063492063493,230,231,3,8406 Alameda Ave
stop_00291,669,11.669431988041854,668,662,12,4135 Mesa St
stop_00292,126,14.99021164021164,124,125,3,8450 Alameda Ave
stop_00293,122,13.775,122,121,3,8486 Alameda Ave
stop_00294,527,11.36821631878558,519,513,12,5375 Mesa St
stop_00295,1127,11.006935817805385,1117,1111,15,6101 Mesa St
stop_00296,638,11.066431556948798,633,627,15,6237 Mesa St
stop_00297,448,12.3421875,446,442,15,6633 Mesa St
stop_00298,45,12.790740740740741,43,40,25,5120 Alameda Ave
stop_00299,721,10.476514100785945,718,716,13,6955 Mesa St
stop_00300,641,11.225195007800313,639,640,15,7025 Mesa St
stop_00301,414,10.9323268921095,412,412,14,7845 Mesa St
stop_00302,334,10.578293413173652,332,333,14,8018 Mesa St
stop_00303,326,9.017177914110428,323,324,3,8500 Alameda Ave
stop_00304,127,10.506167979002624,127,127,3,8540 Alameda Ave
stop_00305,120,11.29875,120,119,3,8590 Alameda Ave
stop_00306,180,10.246203703703703,180,179,3,8600 Alameda Ave
stop_00307,160,13.482395833333333,159,159,3,8743 Alameda Ave
stop_00308,110,10.333787878787879,110,108,3,8802 Alameda Ave
stop_00309,189,10.160405643738978,187,187,3,8826 Alameda Ave
stop_00310,156,9.27542735042735,152,155,3,8848 Alameda Ave
stop_00311,617,10.283036196650459,611,613,3,9016 Alameda Ave
stop_00312,74,10.144369369369368,74,73,61,240 Zaragoza Rd
stop_00313,114,11.191081871345029,114,114,60|61,300 Zaragoza Rd
stop_00314,21,15.835714285714285,21,21,61,600 San Simon Ln
stop_00315,26,23.134615384615383,26,25,61,9205 San Lorenzo Ave
stop_00316,25,9.519333333333334,25,25,61,300 Southside Rd
stop_00317,41,12.797967479674798,41,41,61,200 Southside Rd
stop_00318,484,10.497658402203857,480,482,3,9009 Alameda Ave
stop_00319,275,10.011757575757574,275,274,3,8919 Alameda Ave
stop_00320,106,10.34182389937107,106,104,3,8800 Alameda Ave
stop_00321,96,11.773958333333333,96,95,3,8773 Alameda Ave
stop_00322,102,9.27450980392157,102,101,3,8701 Alameda Ave
stop_00323,122,9.22172131147541,121,121,3,8497 Alameda Ave
stop_00324,162,15.237962962962964,161,161,3,8479 Alameda Ave
stop_00325,676,15.691198224852071,662,652,21,4015 Alameda Ave
stop_00326,247,13.498178137651822,246,246,21,3725 Alameda Ave
stop_00327,234,13.291381766381766,234,233,21,3525 Alameda Ave
stop_00328,125,8.6676,125,125,21,3319 Alameda Ave
stop_00329,367,12.224659400544958,364,364,21,3221 Alameda Ave
stop_00330,115,11.295507246376811,115,115,21,3113 Alameda Ave
stop_00331,1075,12.046201550387597,1064,1046,21,2925 Alameda Ave
stop_00332,109,16.186238532110092,109,109,61,2127 Texas Ave
stop_00333,90,14.474444444444446,87,88,61,1931 Texas Ave
stop_00334,696,16.159937739463604,682,677,61,1331 Texas Ave
stop_00335,502,21.218492695883132,480,484,61,1125 Texas Ave
stop_00336,237,14.212447257383966,227,231,61,1001 Texas Ave
stop_00337,108,13.303703703703704,102,105,61,715 Texas Ave
stop_00338,113,16.868141592920352,112,112,61,521 Texas Ave
stop_00339,201,10.57703150912106,199,197,25,3000 Alameda Ave
stop_00340,18,10.26388888888889,18,18,63,8247 North Loop Dr
stop_00341,526,21.61685678073511,517,498,63,North Loop Dr & St Mathews St
stop_00342,25,8.798,25,25,63,8382 North Loop Dr
stop_00343,11,13.587878787878788,11,10,63,8480 North Loop Dr
stop_00344,15,16.99222222222222,15,15,63,8508 North Loop Dr
stop_00345,8,20.795833333333334,8,8,63,8636 North Loop Dr
stop_00346,80,9.854375000000001,80,80,63,North Loop Dr & Gilmore Way
stop_00347,10,16.168333333333333,10,10,63,8674 North Loop Dr
stop_00348,10,14.979999999999999,10,10,63,8692 North Loop Dr
stop_00349,4,28.52916666666667,4,4,63,8830 North Loop Dr
stop_00350,86,12.03798449612403,86,83,66,North Loop Dr & Londonderry Rd
stop_00351,79,11.317721518987343,79,77,66,North Loop Dr & Horncastle Rd
stop_00352,129,15.72984496124031,128,129,66,North Loop Dr & Lancaster Dr
stop_00353,79,11.350843881856541,78,79,66,North Loop Dr & Spalding Way
stop_00354,369,11.794670280036135,366,363,66,North Loop Dr & Excelsior Rd
stop_00355,42,8.676984126984127,42,42,66,North Loop Dr & Brandywine Rd
stop_00356,60,11.188333333333333,60,60,66,North Loop Dr & Jamestown Rd
stop_00357,326,7.011758691206545,325,324,66,North Loop Dr & Nottingham Dr
stop_00358,36,10.589814814814815,35,35,66,Bordeaux Dr & Louvre Dr
stop_00359,47,8.330141843971631,47,47,66,Bordeaux Dr & Marne Dr
stop_00360,78,10.647863247863247,78,78,66,958 Bordeaux Dr
stop_00361,34,11.252450980392156,34,34,66,Betel Dr & Geronne Dr
stop_00362,22,13.384090909090908,22,22,66,Betel Dr & Calais Ln
stop_00363,118,8.775564971751413,118,118,66,Betel Dr & Burgundy Dr
stop_00364,701,22.08483119353305,694,671,66,Betel Dr & El Vergel Dr
stop_00365,71,21.80352112676056,71,71,66,Betel Dr & Le Barron Rd
stop_00366,598,17.18681716833891,596,580,66,Betel Dr & Warwick Rd
stop_00367,66,10.129040404040405,66,66,66,Kernel Cir & Nutmeg Dr
stop_00368,50,10.346333333333334,50,49,66,Kernel Cir & Kingswreath Pl
stop_00369,70,10.988333333333335,69,68,66,Kernel Cir & Hazelnut Ct
stop_00370,73,17.5337899543379,72,73,63|66,Kernel Cir & Lacebark Elm Dr
stop_00371,67,9.148756218905474,67,66,63,North Loop Dr & Muralla Way
stop_00372,104,10.74647435897436,101,100,63,North Loop Dr & Holmsley Trail Dr
stop_00373,6,21.40833333333333,6,6,63,8653 North Loop Dr
stop_00374,11,21.66969696969697,11,10,63,8617 North Loop Dr
stop_00375,59,13.16186440677966,59,59,63,North Loop Dr & Mockingbird Rd
stop_00376,88,13.455871212121211,87,88,63,North Loop Dr & Butchofsky Pl
stop_00377,34,11.406862745098039,34,33,63,8269 North Loop Dr
stop_00378,12,15.659722222222221,12,12,66,8144 North Loop Dr
stop_00379,10,19.788333333333334,10,10,66,8111 North Loop Dr
stop_00380,10,11.851666666666667,10,10,7,7915 North Loop Dr
stop_00381,488,10.39969262295082,486,485,7,7631 North Loop Dr
stop_00382,39,9.413675213675214,39,39,65,7239 North Loop Dr
stop_00383,63,16.203174603174602,62,63,65,North Loop Dr & Copper Queen Dr
stop_00384,49,10.721088435374151,49,49,64|65,North Loop Dr & Woolridge Dr
stop_00385,1818,11.091061606160615,1799,1800,51,8838 Viscount Blvd
stop_00386,277,9.309386281588447,275,274,51,9010 Viscount Blvd
stop_00387,79,12.468143459915613,77,77,53,Montwood Dr & Turrentine Dr
stop_00388,49,12.249319727891157,49,49,53,Montwood Dr & Backus St
stop_00389,84,9.881349206349206,84,84,53,Montwood Dr & Mc Intosh Dr
stop_00390,153,9.533551198257081,152,152,53,Montwood Dr & Linum Dr
stop_00391,756,9.464616402116402,753,751,1|53,Montwood Dr & Wedgewood Dr
stop_00392,92,12.50036231884058,92,92,1|53,Montwood Dr & Woodfin Dr
stop_00393,589,11.655263157894737,585,585,1,Montwood Dr & Brian Mooney Ave
stop_00394,145,12.78977011494253,143,143,1,Montwood Dr & Cumbre Negra St
stop_00395,224,13.51904761904762,223,224,1,Montwood Dr & Lomaland Dr
stop_00396,84,16.030555555555555,83,84,1,Montwood Dr & Diciembre Dr
stop_00397,41,16.50609756097561,41,41,1,Montwood Dr & Andalucia Dr
stop_00398,451,11.54778270509978,448,449,53,Lee Trevino Dr & Amy Sue Dr
stop_00399,129,13.15968992248062,129,128,53,Lee Trevino Dr & Anise Dr
stop_00400,425,12.420980392156864,423,419,53,Lee Trevino Dr & George Archer
stop_00401,75,12.625777777777778,75,72,53,Lee Trevino Dr & Roy Pace Dr
stop_00402,1081,8.77008942337342,1074,1070,52,10900 Pebble Hills Blvd
stop_00403,75,11.711111111111112,74,75,52,11000 Pebble Hills Blvd
stop_00404,2261,21.801378446115287,2213,2065,53,Red Sails Dr & Shoreline Dr
stop_00405,75,17.084666666666667,75,74,53,Red Sails Dr & Cutty Sark Dr
stop_00406,91,19.22380952380952,90,91,53,Red Sails Dr & Sam Snead Dr
stop_00407,89,15.876029962546816,88,87,53,East Glen Dr & Sam Snead Dr
stop_00408,57,13.500292397660818,56,54,53,East Glen Dr & Sea Palm Dr
stop_00409,105,16.052857142857142,102,104,53,East Glen Dr & Pier Ln
stop_00410,298,10.428914988814318,296,297,1,Montwood Dr & Amy Sue Dr
stop_00411,117,11.909116809116808,117,116,1,Montwood Dr & Bobby Jones Dr
stop_00412,68,12.468872549019608,66,67,1,Montwood Dr & Tommy Aaron Dr
stop_00413,198,12.410858585858586,196,191,53,Montwood Dr & Robert Wynn St
stop_00414,277,10.395848375451264,275,274,53,Montwood Dr & Lake Omega St
stop_00415,642,10.041121495327102,639,634,53,Montwood Dr & Trawood Dr
stop_00416,147,12.042743764172336,147,143,53,Montwood Dr & Chris Scott Dr
stop_00417,84,12.702579365079364,83,80,53,Montwood Dr & Piedra Roja St
stop_00418,72,11.686805555555557,71,71,53,Montwood Dr & Ralph Janes Pl
stop_00419,730,9.311232876712328,727,729,53,Montwood Dr & Saul Kleinfeld Dr
stop_00420,72,10.933564814814815,72,70,53,Montwood Dr & Polly Harris Dr
stop_00421,165,9.06,165,164,53,Montwood Dr & Bob Mitchell Dr
stop_00422,339,6.839183874139626,339,337,53,Montwood Dr & Joe Battle Blvd
stop_00423,229,7.850363901018923,228,227,53,Montwood Dr & Desert Sun Dr
stop_00424,43,17.08372093023256,43,43,53,Montwood Dr & Sun Quest St
stop_00425,560,7.654851190476189,559,555,53,Montwood Dr & Zaragoza Rd
stop_00426,227,8.853377386196769,226,227,53,Montwood Dr & Firehouse Dr
stop_00427,72,11.385185185185186,72,70,53,Montwood Dr & Paseo Way
stop_00428,68,10.419607843137255,67,68,53,Montwood Dr & Pueblo Nuevo Cir
stop_00429,97,15.635567010309279,96,97,53,Montwood Dr & Gus Moran St
stop_00430,229,10.124818049490539,229,226,53,Montwood Dr & Lee Blvd
stop_00431,143,14.296037296037296,143,139,53,Montwood Dr & Bay City Pl
stop_00432,355,11.405211267605633,351,353,53,Montwood Dr & Estrada Dr
stop_00433,673,10.760277365032195,665,668,7,9400 Diana Dr
stop_00434,33,11.104545454545454,33,33,7,9400 Stonewall Rd
stop_00435,38,16.776315789473685,38,37,7,9300 Stonewall Rd
stop_00436,290,26.112126436781608,286,277,7,9400 Stahala Dr
stop_00437,187,14.800267379679145,184,179,7,9404 Stahala Dr
stop_00438,6,2.7027777777777775,6,6,7,9700 Gateway North Blvd
stop_00439,159,10.017400419287211,158,158,7,4700 Transmountain
stop_00440,75,11.777111111111111,75,75,7,9999 Kenworthy St
stop_00441,106,10.053301886792454,106,106,7,9849 Kenworthy St
stop_00442,70,11.660238095238096,69,70,7|43,Diana Dr & Stahala Dr
stop_00443,38,10.626315789473685,38,37,7,Stahala Dr & E B Taulbee Dr
stop_00444,97,13.829896907216495,97,97,7,Rutherford Dr & Stahala Dr
stop_00445,30,12.18388888888889,30,30,7,4700 Rutherford Dr
stop_00446,115,16.677246376811595,115,110,7,Rutherford Dr & Omar Bradley Dr
stop_00447,55,9.643636363636363,55,55,7,9447 Diana Dr
stop_00448,39,11.731196581196581,39,36,7,Northgate Center North & Diana Dr
stop_00449,885,16.175103578154427,873,839,7,Diana Dr & Rutherford Dr
stop_00450,873,24.308075601374572,864,836,7,Diana Dr & Camden Cir
stop_00451,122,15.593306010928963,120,121,7,Diana Dr & Maxwell Ave
stop_00452,40,9.890416666666667,40,40,7,Diana Dr & Pikes Peak Dr
stop_00453,58,9.775862068965518,58,58,7,Diana Dr & Blue Ridge
stop_00454,88,17.144318181818182,88,87,7,Diana Dr & Guadalupe Dr
stop_00455,576,14.50127314814815,567,556,7,Diana Dr & Tetons Dr
stop_00456,325,7.749641025641025,325,323,7,Diana Dr & Hercules Ave
stop_00457,82,10.159349593495934,82,80,7,Diana Dr & Titanic Ave
stop_00458,27,9.507407407407406,27,27,7,Diana Dr & Vulcan Ave
stop_00459,11,10.681818181818182,11,11,7,Marshall Rd & Fred Wilson Ave
stop_00460,67,10.641542288557215,66,67,7|57,6400 Boeing Dr
stop_00461,85,12.159411764705881,85,85,7,6343 Airport Rd
stop_00462,68,11.32107843137255,66,67,7,Airport Rd & Normandy Dr
stop_00463,196,10.988265306122448,196,196,7,6227 Airport Rd
stop_00464,137,10.290145985401459,137,137,7,6232 Gateway East Blvd
stop_00465,616,10.13452380952381,610,591,7,6416 Gateway East Blvd
stop_00466,55,7.91030303030303,55,53,7,6550 Gateway East Blvd
stop_00467,222,13.2506006006006,220,214,7,6656 Gateway East Blvd
stop_00468,135,13.291234567901235,135,134,7,7300 Viscount Blvd
stop_00469,98,11.656802721088434,98,97,7,7400 Viscount Blvd
stop_00470,131,10.622264631043256,129,131,7,1045 Hawkins Blvd
stop_00471,56,16.763392857142858,56,55,7,917 Hawkins Blvd
stop_00472,103,10.021359223300971,102,103,7,Hawkins Blvd & Tony Lama St
stop_00473,20,8.890833333333333,20,18,7,7322 North Loop Dr
stop_00474,208,11.084855769230769,207,207,7,7500 North Loop Dr
stop_00475,660,10.556666666666667,658,655,7,7556 North Loop Dr
stop_00476,345,10.31806763285024,343,342,7,7604 North Loop Dr
stop_00477,121,10.608126721763085,120,118,7,7720 North Loop Dr
stop_00478,182,11.602106227106228,182,182,7,7810 North Loop Dr
stop_00479,216,11.214351851851852,215,216,7,North Loop Dr & Emerson St
stop_00480,229,7.7109170305676855,229,228,7,7874 North Loop Dr
stop_00481,5,13.113333333333333,4,4,7,8026 North Loop Dr
stop_00482,59,9.424293785310734,59,59,7,425 Yarbrough Dr
stop_00483,95,10.953508771929824,92,93,7,Yarbrough Dr & Tranquilo Dr
stop_00484,617,13.735764451647759,579,575,4,700 San Antonio Transit Terminal
stop_00485,37,13.67117117117117,36,36,4,900 Magoffin Ave
stop_00486,68,12.051715686274509,65,66,4,1000 Magoffin Ave
stop_00487,142,17.092723004694836,134,130,4,1200 Magoffin Ave
stop_00488,113,22.868584070796462,109,108,4,1300 Magoffin Ave
stop_00489,645,16.025917312661498,610,606,21,1400 Magoffin Ave
stop_00490,109,16.081039755351682,108,108,21,1600 Magoffin Ave
stop_00491,33,15.757575757575758,33,33,21,1900 Magoffin Ave
stop_00492,92,11.968297101449275,91,92,21,2000 Magoffin Ave
stop_00493,76,13.077412280701754,74,75,21,2114 Magoffin Ave
stop_00494,78,11.147649572649572,76,78,21,2302 Magoffin Ave
stop_00495,150,11.081444444444445,150,148,21,2908 Magoffin Ave
stop_00496,60,12.481666666666666,59,58,21,3014 Magoffin Ave
stop_00497,24,13.862499999999999,24,24,21,4700 Durazno Ave
stop_00498,40,11.454583333333334,40,40,21,400 Marr St
stop_00499,2,10.533333333333335,2,2,21,4500 Gateway East Blvd
stop_00500,18,7.686111111111111,18,18,21,Gateway East Blvd & Saipan Pl
stop_00501,268,9.302985074626864,266,262,21|22,504 Raynolds St
stop_00502,150,11.230777777777776,150,148,21|22,800 Raynolds St
stop_00503,37,9.399099099099098,37,36,21,Raynolds St & Clifton Ave
stop_00504,239,19.24518828451883,237,227,21,1420 Raynolds St
stop_00505,136,12.172303921568627,135,136,21,5001 Trowbridge Dr
stop_00506,60,15.2575,60,59,21,5200 Trowbridge Dr
stop_00507,126,11.422486772486772,126,124,21,1204 Chelsea St
stop_00508,22,20.678030303030305,22,21,21,1504 Chelsea St
stop_00509,21,18.30873015873016,20,21,21,1712 Chelsea St
stop_00510,17,8.984313725490196,17,17,21,5400 Timberwolf Dr
stop_00511,61,17.57896174863388,60,60,21,5820 Timberwolf Dr
stop_00512,25,11.067333333333334,24,24,21,Magruder St & Hughey Dr
stop_00513,441,21.72928949357521,439,438,21|33,5918 Brook Hollow Dr
stop_00514,36,11.380092592592593,36,36,21,5800 Timberwolf Dr
stop_00515,21,14.203174603174602,21,21,21,5513 Timberwolf Dr
stop_00516,40,17.098750000000003,38,40,21,1813 Chelsea St
stop_00517,20,13.450833333333332,20,20,21,1220 Chelsea St
stop_00518,119,11.355462184873948,119,118,21,1015 Chelsea St
stop_00519,883,9.68208758021895,880,879,21,907 Chelsea St
stop_00520,65,10.66974358974359,65,64,21,501 Chelsea St
stop_00521,126,8.261375661375661,125,125,21|22,405 Chelsea St
stop_00522,49,15.62312925170068,49,49,21,209 Chelsea St
stop_00523,403,10.51910669975186,401,400,21,El Paso Dr & Chelsea St
stop_00524,23,8.501449275362319,23,23,21,El Paso Dr & Euclid St
stop_00525,1500,25.384166666666665,1474,1473,21,5115 El Paso Dr
stop_00526,55,10.066666666666666,55,55,21,5007 El Paso Dr
stop_00527,103,17.942233009708737,102,102,21,2200 Myrtle Ave
stop_00528,76,14.520394736842105,75,76,21,2023 Myrtle Ave
stop_00529,117,12.156410256410256,116,114,21,1931 Myrtle Ave
stop_00530,88,11.929356060606061,87,88,21,1707 Myrtle Ave
stop_00531,124,10.983467741935485,123,121,21,1523 Myrtle Ave
stop_00532,48,11.478125,48,48,21,1425 Myrtle Ave
stop_00533,680,18.686299019607844,649,612,21,1229 Myrtle Ave
stop_00534,151,17.852538631346576,140,138,21,1131 Myrtle Ave
stop_00535,112,19.370982142857144,111,109,21,1025 Myrtle Ave
stop_00536,50,16.786666666666665,50,49,21,817 Myrtle Ave
stop_00537,73,14.31392694063927,68,69,21,600 Myrtle Ave
stop_00538,181,12.900644567219153,177,177,1,300 Myrtle Ave
stop_00539,1514,25.45680317040951,1489,1487,22,5100 El Paso Dr
stop_00540,153,13.996078431372549,151,150,22,5150 El Paso Dr
stop_00541,19,9.136842105263158,19,19,22,5310 El Paso Dr
stop_00542,74,7.534009009009009,74,74,22,114 Chelsea St
stop_00543,62,16.733602150537635,62,61,22,308 Chelsea St
stop_00544,59,17.862429378531075,59,59,22,600 Chelsea St
stop_00545,495,28.895084175084175,487,477,62,160 Manor Pl
stop_00546,55,12.481212121212122,55,51,62,100 Manor Pl
stop_00547,107,25.178660436137072,107,107,62,7280 Mimosa Ave
stop_00548,57,14.359941520467835,57,57,62,7300 Mimosa Ave
stop_00549,54,15.975925925925926,51,53,62,7334 Mimosa Ave
stop_00550,39,14.943162393162392,38,38,62,7356 Mimosa Ave
stop_00551,78,17.494444444444444,77,78,62,7365 Mimosa Ave
stop_00552,3367,9.018171468171468,3332,3309,62,100 Carolina Dr
stop_00553,397,11.167968094038622,394,388,62,125 Carolina Dr
stop_00554,1105,14.288868778280543,1083,1056,62,115 Mc Carthy Ave
stop_00555,64,22.642708333333335,64,63,62,301 Mc Carthy Ave
stop_00556,27,14.19567901234568,27,27,62,7700 Knights Dr
stop_00557,21,12.056349206349207,21,21,62,7800 Knights Dr
stop_00558,29,9.85,28,28,62,7900 Knights Dr
stop_00559,40,22.878333333333334,39,40,62,8064 Valley View Dr
stop_00560,11,10.512121212121214,11,11,62,8162 Valley View Dr
stop_00561,46,22.129710144927536,44,45,62,8104 Valley View Dr
stop_00562,67,17.88134328358209,67,66,62,8400 Independence Dr
stop_00563,49,15.178571428571429,49,48,62,8421 Independence Dr
stop_00564,13,13.642307692307693,13,13,62,8453 Independence Dr
stop_00565,25,19.502666666666666,25,25,62,8517 Independence Dr
stop_00566,31,19.141935483870967,31,30,62,8562 Lee Starling Dr
stop_00567,30,10.098888888888888,30,30,62,8574 Lee Starling Dr
stop_00568,38,16.144298245614035,37,37,62,121 Padres Dr
stop_00569,109,9.560244648318042,107,109,62,215 Padres Dr
stop_00570,208,8.406971153846154,208,206,62,200 Mecca Dr
stop_00571,78,11.679700854700855,78,78,62,265 Mecca Dr
stop_00572,295,26.108700564971752,293,289,62,8916 Padilla Dr
stop_00573,66,23.053030303030305,66,64,62,301 Schutz Dr
stop_00574,34,10.622058823529413,34,34,62,9010 Socorro Rd
stop_00575,95,10.491929824561403,95,93,62,9060 Socorro Rd
stop_00576,702,20.829178537511872,690,670,62,9000 Padilla Dr
stop_00577,260,23.4925,258,257,62,8909 Padilla Dr
stop_00578,25,17.851333333333333,25,23,62,8600 Padilla Dr
stop_00579,12,13.147222222222224,12,12,62,227 Mecca Dr
stop_00580,37,15.17747747747748,36,36,62,120 Padres Dr
stop_00581,20,14.086666666666668,20,20,62,100 Davis Dr
stop_00582,25,14.467333333333334,25,25,62,8543 Lee Starling Dr
stop_00583,28,18.992261904761904,28,28,62,8512 Independence Dr
stop_00584,45,10.061851851851852,45,44,62,8424 Independence Dr
stop_00585,46,19.21159420289855,46,46,62,8404 Independence Dr
stop_00586,25,8.786666666666667,24,25,62,600 Greggerson Dr
stop_00587,9,8.127777777777778,9,9,62,8190 Valley View Dr
stop_00588,36,17.813888888888886,36,36,62,8056 Valley View Dr
stop_00589,24,13.50625,24,24,62,8041 Valley View Dr
stop_00590,49,13.847959183673469,48,49,62,7949 Knights Dr
stop_00591,92,11.246376811594203,92,91,62,7901 Knights Dr
stop_00592,341,18.342277614858258,333,328,62,256 Mc Carthy Ave
stop_00593,153,16.17156862745098,152,153,62,8861 Padilla Dr
stop_00594,109,14.630122324159021,107,108,62,7327 Mimosa Ave
stop_00595,37,12.409009009009008,37,33,62,184 Barker Rd
stop_00596,71,13.802347417840377,70,70,62,7200 Barker Rd
stop_00597,59,14.253389830508475,59,59,62,193 Polo Inn Rd
stop_00598,32,15.141666666666666,32,32,62,7100 Date Tree Ln
stop_00599,156,20.933440170940173,155,152,62,200 George Orr Rd
stop_00600,86,14.171705426356588,84,86,62,5500 Delta Dr
stop_00601,65,12.093333333333332,64,61,62,5400 Delta Dr
stop_00602,53,10.173899371069183,52,53,62,4931 Delta Dr
stop_00603,75,9.485555555555555,75,74,62,226 Val Verde St
stop_00604,47,11.397872340425533,46,47,25,Paisano Dr & Dailey Ave
stop_00605,108,16.293055555555558,107,107,25,Paisano Dr & Rosa Ave
stop_00606,106,11.989937106918239,105,106,64,6500 Trowbridge Dr
stop_00607,88,8.216666666666667,88,87,64,North Loop Dr & Delta Dr
stop_00608,82,9.392073170731708,82,82,64|65,7100 Dale Rd
stop_00609,19,8.833333333333334,19,19,64,7111 Dale Rd
stop_00610,19,14.654385964912281,19,19,64,7132 Dale Rd
stop_00611,129,16.716020671834627,127,126,64,7212 Dale Rd
stop_00612,43,13.715891472868217,42,41,64,7234 Dale Rd
stop_00613,44,13.044318181818182,44,43,64,7242 Dale Rd
stop_00614,305,8.455300546448088,302,304,7,7301 North Loop Dr
stop_00615,311,14.77883172561629,308,293,64,8132 San Jose Rd
stop_00616,78,15.735683760683761,77,73,64,8164 San Jose Rd
stop_00617,65,11.99923076923077,64,65,64,San Jose Rd & Valle Placido Dr
stop_00618,37,11.69864864864865,37,36,64,San Jose Rd & Vance Pl
stop_00619,28,10.97797619047619,28,28,64,8336 Niles St
stop_00620,70,14.878571428571428,70,69,64,Wells Rd & Borrett St
stop_00621,61,17.822131147540986,60,60,64,Wells Rd & Blue River Way
stop_00622,387,17.863178294573643,384,356,64,Wells Rd & Waterfall Dr
stop_00623,53,16.187106918238992,53,53,64,8500 Roseway Dr
stop_00624,34,12.187254901960785,34,33,64,Davis Dr & Chinchilla Ln
stop_00625,34,10.583333333333332,33,34,64,207 Davis Dr
stop_00626,97,18.012199312714777,97,94,64,8600 Winchester Rd
stop_00627,99,25.76111111111111,98,91,64,8636 Winchester Rd
stop_00628,412,26.152305825242717,409,393,64,8708 Winchester Rd
stop_00629,41,17.729268292682928,40,40,64,8742 Winchester Rd
stop_00630,41,11.132520325203252,41,41,64,8796 Winchester Rd
stop_00631,41,13.877642276422765,41,41,64,Pendale Rd & Old County Rd
stop_00632,13,11.01025641025641,13,13,64,8820 Old County Rd
stop_00633,172,27.98798449612403,169,165,64,9279 Leonardo Ave
stop_00634,15,10.953333333333335,13,15,64,9201 Leonardo Ave
stop_00635,42,13.88531746031746,42,41,64,Candelaria St & Benito Way
stop_00636,739,12.081145692377087,732,728,60|64,100 Candelaria St
stop_00637,42,10.462698412698412,42,42,64,8907 Old County Rd
stop_00638,38,11.496929824561404,38,38,64,Winchester Rd & Pendale Rd
stop_00639,45,20.54925925925926,45,44,64,8751 Winchester Rd
stop_00640,55,13.427878787878788,55,53,64,Winchester Rd & Silvas Way
stop_00641,168,19.130456349206348,165,158,64,8701 Winchester Rd
stop_00642,47,10.22340425531915,46,45,64,Davis Dr & Roseway Dr
stop_00643,20,9.379166666666666,20,19,64,Roseway Dr & New Haven Dr
stop_00644,46,9.296376811594202,45,46,64,Niles St & Clifford Ct
stop_00645,53,17.68238993710692,53,53,64,8275 San Jose Rd
stop_00646,30,9.751111111111111,29,29,64,7247 Dale Rd
stop_00647,30,19.907777777777778,30,28,64,7229 Dale Rd
stop_00648,31,9.691935483870967,31,31,64,7163 Dale Rd
stop_00649,16,23.040625000000002,16,16,64,7137 Dale Rd
stop_00650,111,11.147147147147146,111,111,64,6501 Trowbridge Dr
stop_00651,35,13.129523809523809,35,35,64,6247 Trowbridge Dr
stop_00652,31,10.091397849462364,31,31,64,Geronimo Dr & Cleveland Ave
stop_00653,41,9.998373983739837,41,41,64,Tampa Ave & Clark Dr
stop_00654,41,12.626829268292685,41,40,64,847 Clark Dr
stop_00655,66,12.191919191919192,66,66,64,902 Geronimo Dr
stop_00656,31,24.863440860215054,31,31,64,Geronimo Dr & Tesuque Dr
stop_00657,113,11.478761061946901,113,112,64,Geronimo Dr & Clark Dr
stop_00658,91,15.95201465201465,90,87,24,Delta Dr & Martinez St
stop_00659,365,14.82607305936073,364,361,61,8020 Alameda Ave
stop_00660,150,10.077,150,150,25,Paisano Dr & Trowbridge Dr
stop_00661,237,7.836005625879044,237,234,25,Paisano Dr & Gateway West Blvd
stop_00662,104,13.966185897435897,103,103,25,5529 Paisano Dr
stop_00663,899,9.738616981831665,896,891,53,1910 George Dieter Dr
stop_00664,703,8.807562825983878,701,699,24|65,Paisano Dr & Val Verde St
stop_00665,338,8.740877712031558,331,332,65,5030 Paisano Annex
stop_00666,24441,18.311223626965617,20427,18375,23|24|65,200 Cortez Dr
stop_00667,507,11.350591715976332,500,491,23,5400 Paisano Annex
stop_00668,251,7.53386454183267,250,249,65,7102 North Loop Dr
stop_00669,21,11.492857142857142,21,20,65,7116 North Loop Dr
stop_00670,64,13.547916666666666,63,64,65,7150 North Loop Dr
stop_00671,27,15.191975308641975,27,27,65,7204 North Loop Dr
stop_00672,33,12.597979797979798,33,33,65,7230 North Loop Dr
stop_00673,63,13.335714285714285,62,60,65,Hunter Dr & Adobe Dr
stop_00674,68,10.841911764705882,67,68,65,Tampico Dr & Hunter Dr
stop_00675,33,19.772222222222222,33,33,65,7510 Monterrey Dr
stop_00676,23,12.020289855072463,23,22,65,7544 Monterrey Dr
stop_00677,40,20.058333333333334,40,39,65,7704 Monterrey Dr
stop_00678,51,16.88300653594771,51,51,65,7740 Monterrey Dr
stop_00679,96,9.389930555555555,96,96,65,605 Giles Rd
stop_00680,283,13.678857479387515,279,281,65,850 Carolina Dr
stop_00681,47,11.133333333333333,46,46,65,7750 Lilac Dr
stop_00682,40,13.362916666666667,39,39,65,634 Rancho Alegre Way
stop_00683,50,10.607999999999999,49,50,65,Rancho Alegre Way & Green Lilac Cir
stop_00684,45,18.60962962962963,44,44,65,7944 Yermoland Dr
stop_00685,365,13.091780821917808,361,354,65,Yermoland Dr & Lafayette Dr
stop_00686,63,15.031481481481482,63,62,65,8016 Yermoland Dr
stop_00687,126,10.127513227513226,126,125,65,Yermoland Dr & Francine Pl
stop_00688,91,12.105860805860804,91,91,65,8102 Yermoland Dr
stop_00689,44,13.404545454545454,43,44,65,Yermoland Dr & Cornelius Dr
stop_00690,139,10.908872901678656,138,138,63,975 Lomaland Dr
stop_00691,7,27.71666666666667,7,7,65,Highland Ave & Courtland Dr
stop_00692,13,45.87948717948718,13,13,65,Highland Ave & Burgess Dr
stop_00693,32,8.739583333333334,32,31,65,Castner Dr & Barandal Dr
stop_00694,32,11.769270833333334,32,32,65,Castner Dr & El Arco Dr
stop_00695,70,13.63642857142857,70,69,65,Castner Dr & Montera Rd
stop_00696,33,15.598989898989899,32,31,65,Kastrin St & El Arco Dr
stop_00697,19,9.699122807017543,19,19,65,Pendale Rd & Tigris Dr
stop_00698,57,13.46842105263158,57,55,65|68,550 Pendale Rd
stop_00699,133,11.058395989974937,133,133,63,North Loop Dr & Upland St
stop_00700,58,11.629310344827585,58,58,63,600 Lomaland Dr
stop_00701,125,18.6624,122,120,63,Lomaland Dr & Highland Ave
stop_00702,90,12.924444444444445,90,90,65,Yermoland Dr & Stanley St
stop_00703,107,14.483956386292835,107,106,65,Yermoland Dr & Christy St
stop_00704,218,13.094724770642202,218,216,65,Yermoland Dr & Williamette Ave
stop_00705,121,15.56060606060606,120,121,65,1025 Carolina Dr
stop_00706,508,9.289074803149607,507,508,65,Carolina Dr & Giles Rd
stop_00707,172,9.436918604651163,170,171,65,Giles Rd & La Grande Ct
stop_00708,26,10.578846153846154,26,26,65,7743 Monterrey Dr
stop_00709,82,16.210365853658537,81,80,65,7701 Monterrey Dr
stop_00710,29,15.498850574712643,29,28,65,651 Tampico Dr
stop_00711,256,10.456510416666667,255,256,65,503 Hunter Dr
stop_00712,27,12.292592592592591,27,27,65,North Loop Dr & Bucher Rd
stop_00713,145,11.350229885057471,145,145,65,Paisano Dr & Concepcion St
stop_00714,23,8.833333333333332,22,21,7,North Loop Dr & Warnock Way
stop_00715,148,12.243018018018018,148,147,66,Kernel Cir & Betel Dr
stop_00716,1191,9.246543520850825,1184,1180,1,Montwood Dr & Lee Trevino Dr
stop_00717,72,12.22175925925926,72,72,52,7844 Gateway East Blvd
stop_00718,3602,9.366523227836387,3579,3542,52,3100 Saul Kleinfeld Dr
stop_00719,84,12.258134920634921,84,83,52,3200 Saul Kleinfeld Dr
stop_00720,448,9.344642857142857,447,447,51,Edgemere Blvd & Saul Kleinfeld Dr
stop_00721,283,11.6188457008245,283,280,52,3400 Nolan Richardson Dr
stop_00722,49,14.324489795918367,46,48,52,3300 Nolan Richardson Dr
stop_00723,34,10.023529411764706,34,34,52,3200 Nolan Richardson Dr
stop_00724,101,15.37986798679868,101,101,52,3100 Nolan Richardson Dr
stop_00725,117,12.417094017094017,115,116,52,Pebble Hills Blvd & Oak Crest Cir
stop_00726,3425,10.620574209245742,3404,3365,52,11700 Pebble Hills Blvd
stop_00727,257,12.56141374837873,254,252,51,9515 Gateway West Blvd
stop_00728,5,5.393333333333333,5,5,51,9200 Gateway West Blvd
stop_00729,62,11.42768817204301,61,62,51,7144 Gateway East Blvd
stop_00730,115,10.23550724637681,113,113,51,Gateway East Blvd & Tony Lama St
stop_00731,155,11.951290322580645,155,154,51,Gateway East Blvd & Winslow Rd
stop_00732,103,11.31893203883495,103,102,51,Sumac Dr & Vista Del Sol Dr
stop_00733,88,10.809469696969698,88,88,51,10435 Vista Del Sol Dr
stop_00734,1377,9.642326313241346,1369,1371,51|53,Vista Del Sol Dr & Yarbrough Dr
stop_00735,109,18.017584097859327,107,107,1|51,10700 Vista Del Sol Dr
stop_00736,300,9.828888888888889,300,299,51|53,Vista Del Sol Dr & Vista De Oro Dr
stop_00737,27,9.337037037037037,27,27,51,Vista Del Sol Dr & Sombra Verde Dr
stop_00738,327,8.57558613659531,326,326,1|51,Lomaland Dr & Vista Del Sol Dr
stop_00739,67,10.85223880597015,67,65,1|51,Lomaland Dr & Monte Sur Dr
stop_00740,62,13.713440860215053,61,60,1|51,Trawood Dr & Pico Alto Dr
stop_00741,73,10.475342465753425,73,71,51,Trawood Dr & Ben Hogan Dr
stop_00742,71,11.211032863849766,70,69,51,2244 Trawood Dr
stop_00743,945,9.096596119929453,943,940,51,Trawood Dr & Lee Trevino Dr
stop_00744,99,12.676767676767676,98,97,1|51,Trawood Dr & Bobby Jones Dr
stop_00745,89,17.37677902621723,89,87,51,Trawood Dr & Pete Brown Dr
stop_00746,418,12.917783094098883,416,401,1|51,Trawood Dr & Tommy Aaron Dr
stop_00747,110,11.621363636363636,110,108,1,Trawood Dr & Robert Wynn St
stop_00748,154,13.88917748917749,154,149,1,Trawood Dr & Paul Moran Pl
stop_00749,152,15.165131578947367,152,147,1,George Dieter Dr & Bunky Henry Ln
stop_00750,52,10.132051282051282,52,52,1|41,Bob Mitchell Dr & Bing Crosby Dr
stop_00751,112,12.045535714285714,112,111,1|41,Bob Mitchell Dr & Leroy Bonse Dr
stop_00752,4140,15.708462157809985,4091,3902,1,Bob Mitchell Dr & Ronald McNair Dr
stop_00753,39,13.388888888888888,39,39,1,Bob Mitchell Dr & Polly Harris Dr
stop_00754,145,12.389885057471265,143,143,1|41,Bob Mitchell Dr & Saul Kleinfeld Dr
stop_00755,169,10.695167652859961,167,168,1,Saul Kleinfeld Dr & Firehouse Dr
stop_00756,639,10.045409494001042,638,637,1,Saul Kleinfeld Dr & Zaragoza Rd
stop_00757,247,9.743589743589743,247,247,1|41,Zaragoza Rd & Golden Gate
stop_00758,95,10.308596491228071,95,95,1|53,Zaragoza Rd & Pali Dr
stop_00759,1010,9.898498349834984,1007,1002,1,Vista Del Sol Dr & Zaragoza Rd
stop_00760,34,10.888235294117647,34,34,1,Vista Del Sol Dr & Bruce Jenner Ln
stop_00761,75,10.67911111111111,74,75,1,Vista Del Sol Dr & Gene Torres Dr
stop_00762,86,12.57906976744186,85,86,1,Vista Del Sol Dr & Doug Olson Dr
stop_00763,1094,9.276523461304082,1089,1091,1,11501 Vista Del Sol Dr
stop_00764,65,14.180000000000001,62,64,1,Vista Del Sol Dr & Billie Marie Dr
stop_00765,42,12.486507936507936,42,42,1,Vista Del Sol Dr & Bert Greene Dr
stop_00766,39,11.755982905982906,38,39,1,Vista Del Sol Dr & Bessemer Dr
stop_00767,47,9.025177304964538,47,47,1,Vista Del Sol Dr & Paul Harney Dr
stop_00768,1120,8.61422619047619,1116,1116,1,Vista Del Sol Dr & Lee Trevino Dr
stop_00769,89,14.676404494382023,87,88,1,Vista Del Sol Dr & Bob Goalby Ln
stop_00770,90,13.863333333333333,89,90,1,Vista Del Sol Dr & Bruce Devlin Dr
stop_00771,27,7.548765432098765,26,27,1,Vista Del Sol Dr & Monte Negro Dr
stop_00772,25,12.422,23,25,1,Vista Del Sol Dr & Vista Lomas Dr
stop_00773,176,10.406344696969697,174,173,1,Gateway East Blvd & Sumac Dr
stop_00774,228,10.743494152046784,227,225,1,Gateway West Blvd & Viscount Blvd
stop_00775,193,14.422625215889465,193,192,1,Gateway West Blvd & Larry Mahan Dr
stop_00776,34,7.542156862745098,34,34,1,8886 Gateway West Blvd
stop_00777,118,8.421610169491526,117,117,1,8401 Gateway West Blvd
stop_00778,61,8.78825136612022,61,61,1,7001 Gateway West Blvd
stop_00779,27,12.880246913580246,27,27,1,Vista Del Sol Dr & Bengal Dr - 1st
stop_00780,46,11.214855072463768,45,45,1,Vista Del Sol Dr & Common Dr
stop_00781,98,18.829761904761906,97,96,1,Vista Del Sol Dr & Bob Murphy Dr
stop_00782,772,19.838104490500864,768,723,63,7958 San Paulo Dr
stop_00783,59,10.8954802259887,59,58,63,San Paulo Dr & Lafayette Dr
stop_00784,48,22.880555555555556,48,46,63,8101 Loma Terrace Rd
stop_00785,44,19.325757575757578,44,44,63,8136 Loma Terrace Rd
stop_00786,41,15.140243902439025,41,41,63|67,8165 Loma Terrace Rd
stop_00787,17,10.500980392156864,17,17,63,Lomaland Dr & Wonderland Dr
stop_00788,124,13.021505376344086,123,123,63,695 Lomaland Dr
stop_00789,45,12.608148148148148,44,44,63,Lomaland Dr & Strickland Dr
stop_00790,60,13.404722222222222,60,60,63,Lomaland Dr & Holloway
stop_00791,167,10.93063872255489,167,167,63,Lomaland Dr & North Loop Dr
stop_00792,171,6.220175438596492,162,161,63,625 Zaragoza Rd
stop_00793,35,11.011904761904763,35,34,63,421 Zaragoza Rd
stop_00794,72,10.810185185185185,72,72,63,343 Zaragoza Rd
stop_00795,166,12.245281124497993,166,166,60|63,323 Zaragoza Rd
stop_00796,103,13.504692556634305,103,102,63,221 Zaragoza Rd
stop_00797,96,12.882118055555557,96,96,63,Zaragoza Rd & Pence Way
stop_00798,137,10.513625304136253,137,136,63,Zaragoza Rd & Harris St
stop_00799,240,10.988611111111112,239,240,63,120 Zaragoza Rd
stop_00800,121,11.639807162534435,121,121,63,Zaragoza Rd & Old Pueblo Rd
stop_00801,65,9.904102564102564,65,64,63,235 Zaragoza Rd
stop_00802,305,10.77136612021858,304,305,63,Zaragoza Rd & Roseway Dr
stop_00803,77,11.886363636363637,77,77,63,346 Zaragoza Rd
stop_00804,20,9.2325,20,19,63,500 Zaragoza Rd
stop_00805,666,9.208758758758758,663,663,60|63,700 Zaragoza Bridge
stop_00806,263,7.9910646387832704,263,263,63,Lomaland Dr & Yermoland Dr
stop_00807,23,12.26086956521739,23,23,63,Lomaland Dr & Sandland Dr
stop_00808,19,7.283333333333333,19,19,63,8063 Glendale Ave
stop_00809,180,12.492685185185186,180,173,63,7969 San Paulo Dr
stop_00810,15,10.758888888888889,15,15,41,Echo St & Moonlight Ave
stop_00811,27,20.642592592592592,27,27,41,Magnetic Dr & Zircon Dr
stop_00812,28,14.688690476190475,28,27,41,Magnetic Dr & Sirius Ave
stop_00813,29,12.20919540229885,27,28,41,3612 Hercules Ave
stop_00814,80,18.596875,77,79,41,3901 Hercules Ave
stop_00815,50,8.843,49,47,41,4000 Hercules Ave
stop_00816,183,6.861566484517304,183,182,41,4130 Hercules Ave
stop_00817,8,7.016666666666667,8,8,41,8939 Comet St
stop_00818,7,10.876190476190477,7,7,41,Comet St & Moonlight Ave
stop_00819,18,7.711111111111112,18,18,41,4608 Tetons Dr
stop_00820,58,13.028448275862068,58,58,41,4720 Tetons Dr
stop_00821,16,11.557291666666666,16,15,41,4744 Tetons Dr
stop_00822,32,11.999479166666667,32,32,41,4801 Hercules Ave
stop_00823,43,10.060852713178294,41,42,41,4886 Hercules Ave
stop_00824,65,15.77102564102564,63,65,41,4930 Hercules Ave
stop_00825,60,13.389444444444445,57,59,41,Hercules Ave & Mt Baldy
stop_00826,290,9.605287356321838,289,285,35|41,Dyer St & Tetons Dr
stop_00827,19,13.558771929824562,17,18,41,3621 Hercules Ave
stop_00828,32,15.519270833333334,32,31,41,Hercules Ave & Solar Pl
stop_00829,51,9.658169934640522,51,51,41,8209 Magnetic Dr
stop_00830,31,12.175806451612903,31,30,41,Magnetic Dr & Titanic Ave
stop_00831,63,13.702116402116403,63,62,41,7735 Alabama St
stop_00832,16,9.023958333333333,16,16,41,Alabama St & Mountain Walk Dr
stop_00833,9,7.5055555555555555,9,9,41,Alabama St & Mountain Ridge Dr
stop_00834,17,11.342156862745098,17,17,41,Alabama St & Sunnyside Ct
stop_00835,18,10.685185185185185,18,18,41,6301 Alabama St
stop_00836,16,7.8,16,16,41,Alabama St & Broaddus Ave
stop_00837,72,10.283333333333333,72,72,41,5515 Alabama St
stop_00838,198,14.08510101010101,197,188,41,Byron St & Keltner Ave
stop_00839,23,11.752173913043478,23,23,41,Byron St & Wickham
stop_00840,29,11.970689655172414,29,29,41,Byron St & Broaddus Ave
stop_00841,60,13.71861111111111,59,59,41,3500 Byron St
stop_00842,15,10.055555555555555,15,15,41,6120 Byron St
stop_00843,27,18.780246913580246,26,25,41,3700 Kemp Ave
stop_00844,48,19.784027777777776,48,47,36,4600 Piedras St
stop_00845,17,14.693137254901961,17,17,36,4400 Piedras St
stop_00846,95,9.408245614035087,95,94,36,3917 Piedras St
stop_00847,225,15.62288888888889,225,225,36,3801 Piedras St
stop_00848,39,13.262820512820513,39,39,36,3500 Piedras St
stop_00849,68,18.52720588235294,67,66,41,3417 Piedras St
stop_00850,125,11.412266666666666,123,123,36,500 Rio Grande Ave
stop_00851,165,18.88888888888889,159,152,36,700 Rio Grande Ave
stop_00852,58,13.605172413793104,58,55,36,901 Rio Grande Ave
stop_00853,96,19.188368055555554,95,96,36,1106 Rio Grande Ave
stop_00854,3,7.888888888888888,3,3,36,1200 Rio Grande Ave
stop_00855,46,10.433695652173913,46,46,36,1400 Rio Grande Ave
stop_00856,172,17.877906976744185,169,160,36,1610 Rio Grande Ave
stop_00857,28,12.573809523809524,28,27,36,1810 Rio Grande Ave
stop_00858,148,12.37195945945946,147,147,36,1000 Cotton St
stop_00859,93,16.617562724014338,91,90,36,1120 Cotton St
stop_00860,86,13.159883720930232,86,80,36,1181 Cotton St
stop_00861,16,8.91875,16,16,36,1229 Ohio St
stop_00862,17,19.24019607843137,17,17,36,1252 Indiana St
stop_00863,55,21.40848484848485,55,55,36,1290 Dakota St
stop_00864,54,11.643518518518519,54,54,36,1300 Dakota St
stop_00865,286,19.24632867132867,283,275,36,1500 Dakota St
stop_00866,177,24.982862523540494,173,169,36,1618 Dakota St
stop_00867,46,12.644927536231883,46,46,36,1716 Kentucky St
stop_00868,29,14.23103448275862,29,29,36,1812 Kentucky St
stop_00869,12,25.115277777777777,12,12,36,1900 Kentucky St
stop_00870,18,13.15925925925926,17,18,36,2100 Kentucky St
stop_00871,53,10.876100628930816,53,53,36,2300 Alabama St
stop_00872,46,13.934057971014493,46,45,36,2400 Alabama St
stop_00873,103,17.98495145631068,102,101,36,2600 Alabama St
stop_00874,308,18.919696969696968,304,294,36,2900 Alabama St
stop_00875,436,22.707224770642203,434,420,36,3000 Alabama St
stop_00876,65,15.38948717948718,65,65,36,3500 Alabama St
stop_00877,100,12.5545,100,98,36,3700 Alabama St
stop_00878,53,11.429874213836477,53,53,36,4011 Alabama St
stop_00879,33,16.865656565656565,32,33,36,2729 Mc Kinley Ave
stop_00880,21,12.097619047619048,21,21,36,2603 Mc Kinley Ave
stop_00881,86,13.1765503875969,86,81,36,Alabama St & Porter Ave
stop_00882,55,15.994545454545456,55,54,36,Vista Del Sol Dr & Lou Graham Dr
stop_00883,911,9.397310647639957,907,906,1,Vista Del Sol Dr & George Dieter Dr
stop_00884,64,10.134635416666667,64,64,1,Vista Del Sol Dr & James Chisum Dr
stop_00885,60,22.074166666666667,60,59,1,Vista Del Sol Dr & Bill Ogden Dr
stop_00886,66,18.820454545454545,66,64,1,Vista Del Sol Dr & James Guines Dr
stop_00887,150,10.365666666666666,148,149,1,Vista Del Sol Dr & Henry Phipps Dr
stop_00888,112,10.898511904761905,112,112,1,Pullman Dr & Pellicano Dr
stop_00889,37,9.034234234234233,36,37,1,Pellicano Dr & Linda Ruby Dr
stop_00890,88,12.75965909090909,88,88,1,Pellicano Dr & Rudy Montoya Dr
stop_00891,52,12.536858974358974,52,51,1,Pellicano Dr & James Dudley Dr
stop_00892,153,9.560893246187364,153,153,1,Pellicano Dr & Whirlaway Dr
stop_00893,126,10.816402116402115,125,125,1,Pellicano Dr & Ted Houghton
stop_00894,191,9.693717277486911,191,190,1,Pellicano Dr & Bob Hope Dr
stop_00895,64,14.205989583333333,64,64,1,Rojas Dr & Loma Verde Dr
stop_00896,58,12.095114942528735,58,58,1,Rojas Dr & Amber Morgan
stop_00897,43,10.393798449612403,42,42,1,Rojas Dr & Don Haskins Dr
stop_00898,41,7.862601626016261,41,41,1,Rojas Dr & Henry Brennan Dr
stop_00899,220,11.955909090909092,218,217,1,12055 Rojas Dr
stop_00900,245,13.58734693877551,241,237,1|7,Peter Cooper Dr & Rojas Dr
stop_00901,127,11.518897637795277,127,127,1,12025 Rojas Dr
stop_00902,797,9.231660393140945,793,792,1,Rojas Dr & Zaragoza Rd
stop_00903,51,12.195098039215686,50,51,1,Rojas Dr & Sabrina Lyn Dr
stop_00904,16,14.588541666666666,16,16,1,Rojas Dr & Vista Granada Dr
stop_00905,80,12.416666666666668,80,78,1,Rojas Dr & Soberana Rd
stop_00906,110,11.288636363636364,109,110,1,11500 Rojas Dr
stop_00907,45,11.789259259259259,45,45,1,11405 Rojas Dr
stop_00908,332,11.388654618473895,331,331,1,11251 Rojas Dr
stop_00909,330,8.320757575757575,328,328,1,11155 Gateway West Blvd
stop_00910,284,17.139143192488262,283,283,1,11045 Gateway West Blvd
stop_00911,66,12.651262626262627,65,64,1,10767 Gateway West Blvd
stop_00912,855,9.330682261208578,852,848,1|69,George Dieter Dr & Rojas Dr
stop_00913,55,8.936060606060606,55,55,1,Pellicano Dr & Gail Borden Pl
stop_00914,104,10.488461538461538,104,103,1,Pellicano Dr & Common Dr
stop_00915,259,5.771943371943372,258,258,1,11355 Pellicano Dr
stop_00916,159,9.880293501048218,159,155,1,11495 Pellicano Dr
stop_00917,182,13.00467032967033,181,182,1,Pellicano Dr & Cedar Oak Dr
stop_00918,160,13.818958333333333,160,158,1,12200 Vista Del Sol Dr
stop_00919,245,9.710680272108844,245,243,1,Vista Del Sol Dr & Bob Hope Dr
stop_00920,33,15.684343434343436,32,32,1,1501 Bob Hope Dr
stop_00921,34,12.52107843137255,33,34,1,Bob Hope Dr & Pedro Figari Ave
stop_00922,38,12.292543859649124,38,38,1,Bob Hope Dr & Henri Matisse Ave
stop_00923,31,12.790860215053764,31,31,1,Bob Hope Dr & Amstater Cir
stop_00924,48,12.613888888888889,48,48,1,Pellicano Dr & Francesca Dr
stop_00925,52,13.690384615384614,51,52,1,Pellicano Dr & Sierra Bonita Dr
stop_00926,140,9.780238095238095,140,139,1,11615 Pellicano Dr
stop_00927,98,9.788775510204081,97,98,1,11273 Pellicano Dr
stop_00928,70,9.072619047619048,70,70,1,11185 Pellicano Dr
stop_00929,1094,13.026005484460695,1089,1065,1|69,Vista Del Sol Dr & Peter Cooper Dr
stop_00930,90,10.907222222222222,88,90,11,300 Stanton St
stop_00931,35,12.345714285714287,34,33,34,400 Rio Grande Ave
stop_00932,70,12.171190476190477,70,69,34,1100 Campbell St
stop_00933,71,14.579577464788734,70,70,34,1218 Campbell St
stop_00934,59,14.754237288135593,58,59,34,500 California Ave
stop_00935,25,13.288666666666666,25,24,34,1416 Florence St
stop_00936,133,12.296741854636592,132,128,34,800 Cliff Dr
stop_00937,70,20.089761904761904,69,68,34,1405 Ange St
stop_00938,51,16.594117647058823,51,50,34,1140 River Ave
stop_00939,76,21.282675438596492,74,76,34,1500 Brown St
stop_00940,472,9.11927966101695,471,471,34,1600 Brown St
stop_00941,114,11.761111111111111,114,113,34,1700 Brown St
stop_00942,35,13.994285714285715,35,34,34,1401 Murchison Dr
stop_00943,405,18.39312757201646,399,388,34,1600 Murchison Dr
stop_00944,107,10.312149532710281,107,107,34,1720 Murchison Dr
stop_00945,40,8.760416666666668,39,40,34,1755 Curie Dr
stop_00946,68,9.390686274509804,67,68,34,1733 Curie Dr
stop_00947,198,14.307323232323231,197,196,34,1625 Medical Center
stop_00948,91,11.834798534798535,91,90,34,1600 Cliff Dr
stop_00949,25,24.456666666666663,25,24,34,1403 Cliff Dr
stop_00950,67,23.413930348258706,67,67,34,1200 Cliff Dr
stop_00951,63,11.698941798941798,61,61,34,1200 Schuster Ave
stop_00952,69,11.894202898550725,69,69,34,1101 Schuster Ave
stop_00953,114,17.89809941520468,113,113,34,701 Schuster Ave
stop_00954,30,16.020555555555557,28,29,34,1603 Florence St
stop_00955,27,12.19753086419753,27,26,34,1401 Florence St
stop_00956,49,13.397278911564626,49,45,34,1301 Florence St
stop_00957,418,18.42097288676236,407,370,34,1100 Florence St
stop_00958,33,11.267676767676766,33,33,34|36,400 Arizona Ave
stop_00959,24,12.915277777777776,23,24,33,3300 Hueco Ave
stop_00960,396,18.06595117845118,393,370,33,3400 Hueco Ave
stop_00961,649,19.305906522855675,642,612,33,3500 Hueco Ave
stop_00962,62,10.442741935483872,61,60,33,3800 Hueco Ave
stop_00963,61,14.0775956284153,59,61,33,3900 Hueco Ave
stop_00964,471,23.625937721160653,469,456,33,1308 Boone St
stop_00965,90,17.255185185185187,88,83,33,1400 Boone St
stop_00966,71,13.170892018779343,71,70,33,4402 Trowbridge Dr
stop_00967,69,12.231159420289856,68,66,33,4606 Trowbridge Dr
stop_00968,1443,23.933506583506585,1422,1367,33,1300 Geronimo Dr
stop_00969,202,16.52227722772277,201,200,7,1200 Geronimo Dr
stop_00970,534,15.16154806491885,532,529,33,1300 Airway Blvd
stop_00971,1844,9.24840021691974,1832,1828,33,1422 Airway Blvd
stop_00972,242,10.249035812672178,237,239,33,1766 Airway Blvd
stop_00973,226,11.291002949852508,224,224,33,2027 Airway Blvd
stop_00974,523,16.046239643084764,518,521,33,1700 Airway Blvd
stop_00975,1088,12.969286151960786,1085,1079,33,1515 Airway Blvd
stop_00976,502,10.510325365205844,501,501,33,1411 Airway Blvd
stop_00977,462,12.44339826839827,462,461,33,1329 Airway Blvd
stop_00978,841,11.24855330955212,839,831,33,1335 Geronimo Dr
stop_00979,368,16.594610507246376,362,342,33,4800 Trowbridge Dr
stop_00980,60,13.595555555555556,60,60,33,4607 Trowbridge Dr
stop_00981,89,12.223782771535582,89,89,33,4325 Trowbridge Dr
stop_00982,87,16.39406130268199,85,80,33,1413 Boone St
stop_00983,69,18.16086956521739,69,69,33,3929 Hueco Ave
stop_00984,1226,25.382979880369767,1208,1158,33,3529 Hueco Ave
stop_00985,339,18.018928220255656,337,316,33,3331 Hueco Ave
stop_00986,220,10.747348484848484,220,220,12|14,Doniphan Dr & Mc Clintock Dr
stop_00987,55,10.74060606060606,55,55,12,4864 Doniphan Dr
stop_00988,51,12.353267973856209,50,51,12,Doniphan Dr & Teramar Way
stop_00989,61,11.552732240437159,60,61,12,Doniphan Dr & Bird Ave
stop_00990,148,11.045945945945945,148,148,12,Doniphan Dr & Frontera Rd
stop_00991,104,11.023397435897436,104,104,12,Doniphan Dr & Atlantic Rd
stop_00992,69,15.783333333333333,69,67,12,Doniphan Dr & Pacific Dr
stop_00993,872,9.67052752293578,867,867,12,Doniphan Dr & Sunland Park Dr
stop_00994,269,13.129987608426271,266,269,12,990 Sunland Park Dr
stop_00995,194,11.118986254295534,191,193,12|14,601 Mesa Hills Dr
stop_00996,329,9.798834853090172,329,327,12,Mesa Hills Dr & Suncrest Dr
stop_00997,484,9.26935261707989,480,475,12,Mesa Hills Dr & Cabaret Dr
stop_00998,96,14.278472222222222,95,95,16,Executive Center Blvd & Pinnacle St
stop_00999,139,13.399280575539569,137,137,16,Executive Center Blvd & Rio Bravo Dr
stop_01000,14,10.102380952380953,14,14,16,Executive Center Blvd & San Marcos Dr
stop_01001,215,9.447441860465117,213,211,16,801 Sunland Park Dr - 2nd BS
stop_01002,88,11.90378787878788,87,88,16,Country Club Rd & Willow Creek Dr
stop_01003,430,13.76577519379845,424,416,16,Country Club Rd & Hunters Glen St
stop_01004,333,10.808208208208208,328,324,16,1071 Country Club Rd
stop_01005,243,10.702400548696845,241,241,16,Upper Valley Rd & Country Club Rd
stop_01006,53,8.955345911949685,52,52,16,Upper Valley Rd & Evert Dr
stop_01007,78,8.596794871794872,78,78,16,Upper Valley Rd & Romer Ray Dr
stop_01008,142,14.58931924882629,142,140,16,Upper Valley Rd & Rhaelynne Dr
stop_01009,28,11.194642857142856,28,28,16,Gomez Rd & Box Elder Rd
stop_01010,8,35.447916666666664,8,8,16,861 Gomez Rd
stop_01011,19,28.87982456140351,19,19,16,981 Gomez Rd
stop_01012,41,9.826829268292682,41,41,16,Ada Lane & Westside Dr
stop_01013,110,17.27469696969697,109,105,16,Valley Rd & Ada Lane
stop_01014,20,8.52,20,20,16,Valley Rd & Miss Bev Ave
stop_01015,23,8.697826086956523,23,23,16,Miss Bev Ave & Westside Dr
stop_01016,21,8.791269841269841,21,21,16,Westside Dr & Kimberly Ave
stop_01017,11,16.583333333333332,10,11,16,Westside Dr & Esplanada Cir
stop_01018,119,23.41218487394958,117,117,16,5500 Westside Dr
stop_01019,20,11.918333333333333,20,20,16,5401 Westside Dr
stop_01020,287,11.194192799070848,284,284,12|16,Country Club Rd & Montoya Dr
stop_01021,118,14.457344632768361,117,116,16,Country Club Rd & Vista Del Monte St
stop_01022,111,15.876426426426427,111,111,16,Country Club Rd & Country Club Pl
stop_01023,77,12.42770562770563,75,75,12|16,Country Club Rd & Camino de la Vista Dr
stop_01024,343,9.716909620991254,339,341,12|16,Country Club Rd & Vista Grande Cir
stop_01025,1072,8.857447139303481,1060,1053,12|17,Doniphan Dr & Bauxite Ave
stop_01026,80,14.354583333333334,79,80,17,Graphite Dr & Chromite St
stop_01027,37,13.607657657657658,36,37,17,Ridge St & Graphite Dr
stop_01028,105,11.404285714285715,104,105,17,Ridge St & Thorn Ave
stop_01029,57,14.357602339181286,56,57,17,Thorn Ave & Marietta St
stop_01030,315,13.516402116402118,315,315,17,Thorn Ave & Bartlett Dr
stop_01031,101,14.953630363036304,100,100,17,Thorn Ave & Saratoga Dr
stop_01032,117,10.552849002849003,116,116,17,725 Thorn Ave
stop_01033,43,11.339922480620155,43,43,17,Lakehurst Rd & Woodcrest Ln
stop_01034,27,16.80493827160494,27,26,17,Lakehurst Rd & Woodlark Way
stop_01035,35,9.92142857142857,35,35,17,Lakehurst Rd & Martha Gale Dr
stop_01036,540,21.874506172839506,537,521,17,Lakehurst Rd & Dorsey Dr
stop_01037,559,11.050894454382826,555,555,17,Resler Dr & Shire Way
stop_01038,626,16.58335995740149,617,596,17,Resler Dr & Hempstead Dr
stop_01039,1620,10.358960905349795,1610,1599,17,Resler Dr & Bishop Flores Dr
stop_01040,1839,9.7852637302882,1830,1823,17,Redd Rd & Resler Dr
stop_01041,1801,10.219433647973348,1784,1762,17,Redd Rd & Arredondo Dr
stop_01042,292,12.285045662100456,292,289,17,Redd Rd & Thorn Ave
stop_01043,140,11.584523809523809,139,138,17,Redd Rd & Windcrest Dr
stop_01044,298,13.798322147651005,296,296,17,Redd Rd & Oneida Dr
stop_01045,456,10.541849415204677,456,456,17,Southwestern Dr & Redd Rd
stop_01046,32,26.318229166666665,32,32,17,Southwestern Dr & Inca Ave
stop_01047,40,15.466666666666665,40,40,17,Helen of Troy & Export Pl
stop_01048,68,10.459558823529411,68,68,17,Northwestern & Helen of Troy
stop_01049,24,8.376388888888888,24,24,17,1385 Northwestern Dr
stop_01050,466,9.54098712446352,465,465,17,1500 Northwestern Dr
stop_01051,83,11.359437751004016,83,83,17,Northwestern Dr & Northern Pass Dr
stop_01052,21,17.83888888888889,21,21,17,Northwestern Dr & Market Center
stop_01053,49,14.696598639455782,49,49,17,Northwestern Dr & Trade Center
stop_01054,37,10.5990990990991,37,36,17,1850 Northwestern Dr
stop_01055,7,7.978571428571429,7,7,17,Hoover Ave & Northwestern Dr
stop_01056,13,7.225641025641026,13,13,17,Hoover Ave & Desert Blvd
stop_01057,133,8.315288220551379,133,132,17,Desert Blvd & Transmountain
stop_01058,3628,8.042006615214994,3590,3570,17,Desert Blvd & Artcraft Rd
stop_01059,36,7.804629629629629,36,35,17,Desert Blvd & Coates Dr
stop_01060,42,12.763492063492064,41,42,17,Medano Dr & Southwestern Dr
stop_01061,94,12.252659574468085,94,94,17,Southwestern Dr & Toltec Dr
stop_01062,132,11.182323232323231,130,131,17,Redd Rd & Merriman Dr
stop_01063,71,12.155164319248826,71,71,12|17,610 Redd Rd
stop_01064,2076,10.364707771355171,2060,2051,17,865 Resler Dr
stop_01065,127,14.80538057742782,127,126,17,Lakehurst Rd & Derrickson Dr
stop_01066,45,10.061111111111112,44,43,17,Lakehurst Rd & Bristol Dr
stop_01067,43,8.986046511627906,43,43,17,Thorn Ave & Mace St
stop_01068,59,13.636158192090395,59,58,18,223 Resler Dr
stop_01069,557,9.75571514063435,556,552,12|18,Doniphan Dr & Thorn Ave
stop_01070,182,9.882967032967032,180,181,18,5328 Doniphan Dr
stop_01071,114,13.083771929824561,114,111,18,Doniphan Dr & Park Ridge Ct
stop_01072,113,10.139233038348083,113,113,18,5500 Doniphan Dr
stop_01073,690,9.246135265700483,687,688,18,Doniphan Dr & Redd Rd
stop_01074,57,9.982456140350877,57,57,18,Doniphan Dr & West Green Dr
stop_01075,552,11.039160628019324,543,542,18,Doniphan Dr & Coates Dr
stop_01076,43,10.30968992248062,43,43,18,Doniphan Dr & Edgar Rd
stop_01077,218,10.671406727828746,218,218,18,Doniphan Dr & Montoya Dr
stop_01078,346,10.877360308285164,346,346,18,6161 Doniphan Dr
stop_01079,257,10.32697795071336,257,257,18,Doniphan Dr & Artcraft Rd
stop_01080,61,18.697540983606558,60,60,18,Doniphan Dr & Viramontes St
stop_01081,88,25.477462121212124,88,88,18,Borderland Rd & Modesta St
stop_01082,37,9.707657657657657,36,37,18,Pascal St & Borderland Rd
stop_01083,27,15.48641975308642,27,27,18,Placida St & Modesta St
stop_01084,450,9.823259259259258,449,449,13|18,151 Resler Dr
stop_01085,120,12.048055555555555,118,120,18,Resler Dr & El Cajon Dr
stop_01086,317,12.843480546792849,317,316,1,1224 Wedgewood Dr
stop_01087,170,10.662745098039217,167,165,1,1300 Wedgewood Dr
stop_01088,67,12.208208955223881,67,66,1,1500 Wedgewood Dr
stop_01089,137,10.787226277372262,137,136,1|52,1700 Wedgewood Dr
stop_01090,81,15.100205761316872,81,81,1|52,1900 Wedgewood Dr
stop_01091,221,10.373529411764707,221,221,52,2128 Wedgewood Dr
stop_01092,47,12.145744680851065,46,47,52,2200 Wedgewood Dr
stop_01093,35,8.343809523809524,35,35,52,2400 Wedgewood Dr
stop_01094,40,8.20375,40,40,52,2500 Wedgewood Dr
stop_01095,36,10.59675925925926,36,36,52,2612 Wedgewood Dr
stop_01096,72,17.663657407407406,72,67,52,2700 Wedgewood Dr
stop_01097,52,13.27147435897436,52,52,52,2900 Wedgewood Dr
stop_01098,52,14.709615384615384,52,52,52,3030 Wedgewood Dr
stop_01099,356,9.482818352059924,354,353,52,3375 Yarbrough Dr
stop_01100,224,11.602306547619047,222,222,52,3333 Yarbrough Dr
stop_01101,74,11.345945945945946,74,69,52,3200 Yarbrough Dr
stop_01102,136,9.562254901960785,136,135,57,6789 Boeing Dr
stop_01103,38,10.780263157894737,38,38,7,Leigh Fisher Blvd / Bldg 1 & Airport Rd
stop_01104,29,11.994827586206897,29,29,7|37,Leigh Fisher Blvd / Bldg 10 & Zane Grey St
stop_01105,104,11.66474358974359,103,96,37,1 Butterfield Trail Blvd
stop_01106,22,8.878787878787879,22,22,37,Leigh Fisher Blvd / Bldg 28 & Spur Dr
stop_01107,222,12.868168168168166,220,218,7|37,Founders Blvd / Bldg 13 & Zane Grey St
stop_01108,17,9.22843137254902,17,17,7,7120 Airport Rd
stop_01109,121,8.611845730027548,120,119,57,4305 Fred Wilson Ave
stop_01110,37,12.153153153153154,37,37,41,3729 Fred Wilson Ave
stop_01111,96,12.762152777777779,95,95,7|41,3535 Fred Wilson Ave
stop_01112,38,9.720614035087719,38,38,41,5041 Alabama St
stop_01113,944,23.40990466101695,921,870,41,3400 Fred Wilson Ave
stop_01114,51,13.835947712418301,51,51,57,Leigh Fisher Blvd / Bldg 20 & Founders Blvd
stop_01115,24,14.356250000000001,24,24,57,6500 Boeing Dr
stop_01116,59,22.069774011299433,58,58,57,6531 Boeing Dr
stop_01117,48,13.104166666666666,48,48,57,7300 Boeing Dr
stop_01118,33,19.62878787878788,33,33,57,7600 Boeing Dr
stop_01119,33,10.962626262626262,33,33,57,8000 Boeing Dr
stop_01120,30,15.919444444444444,30,30,57,8400 Boeing Dr
stop_01121,150,13.615444444444444,150,150,7|57,8630 Boeing Dr
stop_01122,63,13.615608465608465,63,63,7,6400 Airport Rd
stop_01123,264,9.550568181818182,262,256,4,216 San Antonio Ave
stop_01124,79,14.933544303797468,75,74,4,809 Kansas St
stop_01125,12,12.379166666666665,12,12,3|24,Campbell St & Sixth Ave
stop_01126,181,9.9853591160221,178,178,4,Campbell St & Mills Ave
stop_01127,127,10.472703412073491,125,123,4,517 San Antonio Ave
stop_01128,206,12.160032362459548,205,203,8,425 Kansas St
stop_01129,38,13.78377192982456,38,38,8,605 Kansas St
stop_01130,201,7.682504145936982,185,179,8,920 Oregon St
stop_01131,339,11.971828908554572,338,337,4|8,318 El Paso St
stop_01132,137,10.941362530413626,136,137,61,6930 Alameda Ave
stop_01133,979,9.585665645216206,977,968,7,100 Zaragoza Rd
stop_01134,31,11.25268817204301,31,31,61,400 Zaragoza Rd
stop_01135,714,19.342343604108308,709,710,7,9100 Socorro Rd
stop_01136,59,18.78135593220339,59,59,3,9180 Socorro Rd
stop_01137,90,15.212777777777779,90,89,3,9268 Socorro Rd
stop_01138,63,15.038359788359788,63,63,3|61,9400 Carl Longuemere Rd
stop_01139,352,21.85653409090909,348,343,61,9378 Corralitos Ave
stop_01140,192,14.224565972222223,189,187,7,6655 Gateway West Blvd
stop_01141,36,13.285185185185185,36,36,7,5081 Fred Wilson Ave
stop_01142,31,13.988172043010753,31,31,7|40,5010 Raymond Telles Dr
stop_01143,37,10.416666666666668,37,35,7,4713 Rutherford Dr
stop_01144,42,12.035714285714286,42,42,60,9172 Alameda Ave
stop_01145,99,9.358754208754208,99,99,60|84,9300 Alameda Ave
stop_01146,118,8.497598870056498,117,117,60,Alameda Ave & Carnes Rd
stop_01147,569,8.230638547158758,568,567,60,Alameda Ave & Americas Ave
stop_01148,85,8.632156862745099,84,85,60,Alameda Ave & Ivey Rd
stop_01149,373,12.250223413762287,369,359,60,Alameda Ave & Inglewood Dr
stop_01150,92,10.402355072463768,91,92,60,Alameda Ave & Rafael Septien Ln
stop_01151,94,20.23386524822695,93,94,60,Rafael Septien Ln & Staubach Dr
stop_01152,23,21.82536231884058,23,23,60,Staubach Dr & Roman Gabriel Ln
stop_01153,33,7.753030303030303,33,32,60,Nevarez Rd & Staubach Dr
stop_01154,43,14.03372093023256,43,43,3,Nevarez Rd & Sayers Dr
stop_01155,13,10.448717948717949,13,13,3,Isaiah Dr & Lily Dr
stop_01156,9,15.083333333333334,9,9,3,Isaiah Dr & Jericho Dr
stop_01157,123,7.561653116531166,122,122,3,9757 Socorro Rd
stop_01158,50,10.867666666666667,49,49,3,9641 Socorro Rd
stop_01159,35,11.503333333333334,34,35,3,Socorro Rd & Caribe Cir
stop_01160,1175,7.434028368794326,1164,1150,3|60,Americas Ave & Socorro Rd
stop_01161,7,18.880952380952383,7,7,60,425 Pan American Dr
stop_01162,139,8.954556354916068,137,137,60,Pan American Dr & Plaza Circle
stop_01163,20,11.485833333333334,20,20,60,Oro Verde Rd & Pan American Dr
stop_01164,26,8.337820512820512,26,26,60,9640 Plaza Circle
stop_01165,35,8.977619047619049,35,35,60,9624 Plaza Circle
stop_01166,36,5.854629629629629,36,36,60,543 Americas Ave
stop_01167,14,8.427380952380952,14,14,60,Americas Ave & Southside Rd
stop_01168,68,10.219117647058823,68,68,60,Zaragoza Rd & Schutz Dr
stop_01169,32,21.781770833333333,32,32,63,1901 Roswell Rd
stop_01170,1227,22.224979625101874,1205,1143,63,1807 Roswell Rd
stop_01171,149,14.94552572706935,149,142,63,Cuba Dr & Alpine Dr
stop_01172,33,13.368181818181817,33,30,63,7224 Alpine Dr
stop_01173,18,11.143518518518519,18,18,63,7400 Alpine Dr
stop_01174,125,15.724,124,123,63,Alpine Dr & Hunter Dr
stop_01175,452,20.32975663716814,445,434,63,Hunter Dr & Wilcox Dr
stop_01176,198,10.923148148148147,197,196,63,1130 Hunter Dr
stop_01177,54,17.6891975308642,53,54,63,Phoenix Dr & Alaska St
stop_01178,21,12.265873015873016,21,21,63,Phoenix Dr & Cimarron St
stop_01179,43,12.171705426356588,43,42,63,7705 Phoenix Dr
stop_01180,46,9.13768115942029,46,46,63,Giles Rd & Mustang Ave
stop_01181,68,16.104656862745095,67,68,63,Giles Rd & Maverick Ave
stop_01182,45,14.73185185185185,45,45,63,Giles Rd & Rodeo Dr
stop_01183,51,11.993790849673202,51,51,63,Parral Dr & La Paz Dr
stop_01184,223,14.85321375186846,220,215,63,7924 Parral Dr
stop_01185,161,12.479192546583851,160,159,63,921 Yarbrough Dr
stop_01186,154,13.300541125541125,154,154,63,Yarbrough Dr & Hermosillo Dr
stop_01187,52,12.035576923076924,52,52,36,2000 Alabama St
stop_01188,12,19.843055555555555,12,12,36,1931 Kentucky St
stop_01189,45,11.33,45,45,36,1700 Kentucky St
stop_01190,67,21.653482587064676,66,67,36,1285 Dakota St
stop_01191,37,32.31261261261261,37,36,36,1279 Indiana St
stop_01192,23,16.621739130434783,23,23,36,1257 Indiana St
stop_01193,69,11.321256038647343,69,69,36,1175 Cotton St
stop_01194,71,13.588967136150236,70,70,36,1141 Cotton St
stop_01195,133,13.929949874686717,132,130,36,1105 Cotton St
stop_01196,30,9.856111111111112,30,29,36,1813 Arizona Ave
stop_01197,81,16.882510288065845,80,77,36,1700 Arizona Ave
stop_01198,316,19.48639240506329,312,293,36,1637 Arizona Ave
stop_01199,399,15.690810359231412,390,366,36,1500 Arizona Ave
stop_01200,796,20.4392378559464,781,745,36,1301 Arizona Ave
stop_01201,89,21.882022471910112,89,86,36,1141 Arizona Ave
stop_01202,43,17.097286821705424,43,42,36,1031 Arizona Ave
stop_01203,56,13.802678571428572,56,53,36,901 Arizona Ave
stop_01204,1345,24.422156133829,1310,1211,36,705 Arizona Ave
stop_01205,166,16.298092369477914,165,163,36,1011 Mesa St
stop_01206,183,9.200091074681238,176,174,36,821 Mesa St
stop_01207,227,11.762408223201174,226,226,69,George Dieter Dr & Les Peterson Ln
stop_01208,2470,9.879986504723346,2448,2417,69,2100 George Dieter Dr
stop_01209,132,12.287878787878787,132,129,69,George Dieter Dr & Robert Wynn St
stop_01210,833,9.732713085234094,829,824,69,2950 George Dieter Dr
stop_01211,153,19.45751633986928,153,151,69,George Dieter Dr & Sundance Ave
stop_01212,76,11.845614035087719,76,76,69,George Dieter Dr & Pratt Ave
stop_01213,125,12.194133333333333,125,122,69,George Dieter Dr & Sea Horse Dr
stop_01214,571,13.570753064798598,560,545,69,George Dieter Dr & Kingfish Ct
stop_01215,100,12.065999999999999,99,99,1,George Dieter Dr & Gene Sarazen Dr
stop_01216,127,12.271522309711287,127,127,1,George Dieter Dr & Dean Refram Dr
stop_01217,730,9.416780821917808,725,726,1,1605 George Dieter Dr
stop_01218,256,9.4369140625,256,254,69,George Dieter Dr & Sundrop Ct
stop_01219,1021,12.965328109696376,1011,997,69,George Dieter Dr & Scott Simpson Dr
stop_01220,384,9.584375,382,383,69,George Dieter Dr & Pendale Rd
stop_01221,93,12.68942652329749,93,92,69,George Dieter Dr & Cedar Crest Dr
stop_01222,78,11.091239316239315,77,78,69,George Dieter Dr & Tony Tejada Dr
stop_01223,60,9.982222222222221,59,60,69,George Dieter Dr & Pete Rose Dr
stop_01224,523,9.534544295729765,519,518,69,1345 George Dieter Dr
stop_01225,359,10.679155060352832,359,358,69,1259 Zaragoza Rd
stop_01226,100,12.155666666666667,99,100,69,1145 Zaragoza Rd
stop_01227,7143,21.128095104764572,6914,6515,69,Zaragoza Rd & Sandhill Ct
stop_01228,362,10.438950276243094,362,361,69,921 Zaragoza Rd
stop_01229,340,18.851127450980393,337,324,1,Zanzibar Rd & Camwood Dr
stop_01230,78,14.698076923076924,77,77,1,Zanzibar Rd & Maxwood Dr
stop_01231,46,11.65,46,45,1,Zanzibar Rd & Saigon Dr
stop_01232,97,10.455154639175257,97,94,1,Album Ave & Bush Ln
stop_01233,144,17.800810185185185,142,137,1,9917 Album Ave
stop_01234,97,9.954467353951891,97,95,42,4501 Hondo Pass Dr
stop_01235,158,10.926054852320675,158,157,42,Hondo Pass Dr & Stahala Dr
stop_01236,558,12.817473118279569,553,549,42,4810 Hondo Pass Dr
stop_01237,402,9.832711442786069,398,394,42,4919 Hondo Pass Dr
stop_01238,111,12.338138138138138,110,109,42,4545 Hondo Pass Dr
stop_01239,77,22.72229437229437,76,76,40,5245 Joe Herrera Dr
stop_01240,33,12.49949494949495,33,33,44,9200 Hollings St
stop_01241,83,9.603815261044177,83,81,44,9100 Hollings St
stop_01242,61,19.13606557377049,61,60,44,5502 Hondo Pass Dr
stop_01243,1235,19.20681511470985,1213,1165,44,5600 Hondo Pass Dr
stop_01244,30,12.861666666666668,30,30,44,9220 Mc Combs St
stop_01245,249,9.301338688085677,246,245,44,9290 Mc Combs St
stop_01246,53,9.669811320754716,53,51,44,9412 Mc Combs St
stop_01247,157,6.961571125265393,156,153,44,9440 Mc Combs St
stop_01248,37,11.638738738738738,37,37,44,9500 Mc Combs St
stop_01249,149,7.957382550335571,149,148,44,9600 Mc Combs St
stop_01250,39,17.772649572649573,39,39,44,9700 Mc Combs St
stop_01251,91,28.094505494505494,91,90,44,9800 Mc Combs St
stop_01252,89,10.331460674157304,86,87,44,9900 Mc Combs St
stop_01253,39,9.604700854700853,38,39,44,9960 Mc Combs St
stop_01254,632,20.167879746835442,622,604,44,5625 Transmountain
stop_01255,65,12.023846153846153,65,62,44,5300 Transmountain
stop_01256,274,8.056873479318735,271,270,44,10010 Audobon St
stop_01257,99,15.3006734006734,98,97,44,10040 Audobon St
stop_01258,760,27.97469298245614,756,731,44,10000 Alcan St
stop_01259,78,17.11752136752137,77,77,44,10104 Alcan St
stop_01260,86,16.688953488372093,86,85,44,10100 Alcan St
stop_01261,36,12.81111111111111,36,35,44,10248 Alcan St
stop_01262,282,9.102600472813238,281,282,44,10318 Mc Combs St
stop_01263,340,8.79421568627451,340,340,44,10300 Mc Combs St
stop_01264,29,8.617816091954023,29,29,44,10400 Mc Combs St
stop_01265,7,26.254761904761903,7,7,44,5700 Salem Dr
stop_01266,15,20.994444444444447,15,15,44,5560 Salem Dr
stop_01267,29,16.22758620689655,29,29,44,5508 Salem Dr
stop_01268,17,10.802941176470588,17,17,44,5425 Salem Dr
stop_01269,260,9.36076923076923,260,258,44,10600 Rushing Rd
stop_01270,46,18.09891304347826,46,46,44,10700 Rushing Rd
stop_01271,42,11.78968253968254,42,42,44,10800 Rushing Rd
stop_01272,30,12.418333333333333,30,30,44,5400 Sean Haggerty Dr
stop_01273,39,15.309829059829061,39,38,44,5600 Sean Haggerty Dr
stop_01274,205,9.192357723577237,203,203,44,10800 Mc Combs St
stop_01275,79,13.14493670886076,78,79,44,10600 Mc Combs St
stop_01276,135,10.723827160493828,135,135,44,10200 Mc Combs St
stop_01277,48,17.808680555555558,48,48,44,5600 Sun Valley Dr
stop_01278,83,12.824497991967872,83,79,44,10200 Alcan St
stop_01279,132,13.969696969696969,131,124,44,10033 Alcan St
stop_01280,126,16.526322751322752,125,124,44,5500 Fairbanks Dr
stop_01281,210,8.002301587301588,206,207,44,10000 Audobon St
stop_01282,681,10.304454233969652,678,663,44,5600 Transmountain
stop_01283,31,9.679032258064517,31,31,44,9787 Mc Combs St
stop_01284,221,7.361915535444948,221,220,44,9629 Mc Combs St
stop_01285,60,10.584722222222222,60,60,44,9400 Mc Combs St
stop_01286,37,12.472072072072073,37,37,44,9200 Mc Combs St
stop_01287,39,12.97136752136752,39,39,44,9206 Mc Combs St
stop_01288,1257,21.394895253248478,1226,1178,44,5613 Hondo Pass Dr
stop_01289,63,16.27751322751323,63,62,44,5500 Hondo Pass Dr
stop_01290,56,17.105654761904763,56,56,44,9226 Hollings St
stop_01291,913,18.6820554947061,894,849,46,4900 Transmountain
stop_01292,607,11.631823174080175,604,598,40,10000 Rushing Rd
stop_01293,1194,16.37594919039643,1177,1128,46,5100 Transmountain
stop_01294,732,9.654758652094719,730,725,46,10100 Rushing Rd
stop_01295,95,19.957543859649125,94,93,46,10200 Rushing Rd
stop_01296,114,13.767251461988304,113,111,46,10406 Rushing Rd
stop_01297,32,12.836979166666667,32,31,46,10430 Rushing Rd
stop_01298,290,16.087356321839078,288,271,46,10500 Rushing Rd
stop_01299,332,26.51812248995984,327,317,46,5600 Joe Herrera Dr
stop_01300,55,18.913333333333334,55,54,40,5500 Joe Herrera Dr
stop_01301,267,10.916666666666666,265,264,43,9484 Dyer St
stop_01302,71,10.753990610328637,71,71,40,9550 Dyer St
stop_01303,119,9.232072829131651,119,118,43,9600 Dyer St
stop_01304,2642,9.494410799899066,2618,2610,43,9728 Dyer St
stop_01305,2557,8.819619345587277,2542,2526,43,9800 Dyer St
stop_01306,1426,12.37768817204301,1407,1407,43,9848 Dyer St
stop_01307,118,9.813983050847456,117,117,43,9906 Dyer St
stop_01308,580,9.605948275862069,574,570,43,Dyer St & Fairbanks Dr
stop_01309,96,9.031944444444443,96,96,43,5828 Quail Ave
stop_01310,44,14.501136363636363,44,43,43,5932 Quail Ave
stop_01311,1005,19.026517412935323,988,941,43,Quail Ave & Tivoli St
stop_01312,799,18.255423445974134,789,757,43,Quail Ave & Cross St
stop_01313,58,8.874425287356322,57,56,43,10200 Cross St
stop_01314,32,13.175,32,31,43,6111 Sun Valley Dr
stop_01315,15,7.553333333333333,15,15,43,6121 Sun Valley Dr
stop_01316,68,11.488970588235293,67,66,43,Sun Valley Dr & Pheasant Rd
stop_01317,27,12.125925925925925,27,27,43,10304 Dyer St
stop_01318,31,8.203763440860214,31,31,43,10390 Dyer St
stop_01319,73,9.90958904109589,73,73,43,10414 Dyer St
stop_01320,30,9.171666666666669,30,29,43,10530 Dyer St
stop_01321,77,8.652813852813853,76,77,43,Dyer St & Tiger Eye Dr
stop_01322,157,10.509872611464967,156,156,43,Angora Loop Ave & Dyer St
stop_01323,260,25.134551282051284,255,247,43,Angora Loop Ave & Sapphire St
stop_01324,328,19.284197154471542,322,324,43,Angora Loop Ave & Sunstone St
stop_01325,34,12.538235294117648,34,32,43,Angora Loop Ave & Obsidian St
stop_01326,51,20.203594771241832,50,50,43,6705 Tiger Eye Dr
stop_01327,23,17.847101449275364,23,23,43,Tiger Eye Dr & Quartz St
stop_01328,49,21.452040816326534,49,48,43,Tiger Eye Dr & Sunstone St
stop_01329,54,14.103086419753087,54,54,43,Tiger Eye Dr & Tourmaline St
stop_01330,34,16.21127450980392,34,34,43,Tiger Eye Dr & Gemstone St
stop_01331,58,10.03793103448276,58,58,43,10415 Dyer St
stop_01332,38,9.28640350877193,38,38,43,10395 Dyer St
stop_01333,360,8.227083333333333,360,357,43,Sun Valley Dr & Dyer St
stop_01334,85,11.909019607843137,85,83,43,10175 Dyer St
stop_01335,47,10.64113475177305,47,47,43,10115 Dyer St
stop_01336,130,9.647051282051281,130,130,43,10059 Dyer St
stop_01337,986,7.981118999323868,981,979,43,9955 Dyer St
stop_01338,152,9.862499999999999,150,148,43,Dyer St & Souda Dr
stop_01339,2397,10.21668752607426,2380,2360,43,9839 Dyer St
stop_01340,3519,9.055593445107512,3501,3472,43,Dyer St & Yvette Ave
stop_01341,104,9.033493589743589,104,103,43,9601 Dyer St
stop_01342,76,11.520394736842105,75,76,40,9567 Dyer St
stop_01343,264,12.169444444444446,262,261,43,9487 Dyer St
stop_01344,13,13.817948717948717,13,13,43,9555 Diana Dr
stop_01345,146,11.673059360730594,144,145,43,4733 Maxwell Ave
stop_01346,30,16.726666666666667,30,30,43,4647 Maxwell Ave
stop_01347,458,16.483078602620086,449,439,43,4601 Maxwell Ave
stop_01348,67,22.71119402985075,66,67,40,5402 Joe Herrera Dr
stop_01349,39,9.590598290598292,39,39,40,9400 Roanoke Dr
stop_01350,9,14.287037037037038,9,8,40,9500 Roanoke Dr
stop_01351,41,13.527235772357724,41,41,40,5300 Sanders Ave
stop_01352,270,9.799753086419754,270,270,40,5249 Sanders Ave
stop_01353,48,16.253819444444442,47,47,40,9500 Rushing Rd
stop_01354,64,15.255208333333334,64,64,40,9600 Rushing Rd
stop_01355,97,17.916666666666668,95,96,40,9800 Rushing Rd
stop_01356,83,12.383534136546183,83,82,40,9900 Rushing Rd
stop_01357,128,11.880598958333334,126,124,40,5111 Fairbanks Dr
stop_01358,79,13.535443037974684,78,76,40,5000 Fairbanks Dr
stop_01359,37,10.062612612612613,37,37,40,4900 Fairbanks Dr
stop_01360,25,9.529333333333334,25,24,40,4805 Fairbanks Dr
stop_01361,29,11.972413793103447,29,29,40,10100 Kenworthy St
stop_01362,44,18.02689393939394,44,44,40,10200 Kenworthy St
stop_01363,49,16.56904761904762,49,49,40,10340 Kenworthy St
stop_01364,35,8.01047619047619,35,35,40,10400 Kenworthy St
stop_01365,20,9.003333333333334,20,20,40,10500 Kenworthy St
stop_01366,60,13.0525,59,59,40,10700 Kenworthy St
stop_01367,124,10.300134408602151,123,124,40,10780 Kenworthy St
stop_01368,25,11.671333333333335,24,25,40,4500 Marcus Uribe Dr
stop_01369,6,7.0249999999999995,6,6,40,11100 Loma Franklin Dr
stop_01370,14,6.86547619047619,14,14,40,10900 Loma Franklin Dr
stop_01371,13,14.312820512820512,13,13,40,4600 Jon Cunningham Blvd
stop_01372,136,16.166299019607845,135,135,40,10765 Kenworthy St
stop_01373,186,10.712903225806452,185,184,40,4800 Salem Dr
stop_01374,1215,17.39185185185185,1194,1122,40,4900 Salem Dr
stop_01375,27,12.6820987654321,27,27,40,5000 Salem Dr
stop_01376,126,12.48452380952381,124,124,40,10400 Rushing Rd
stop_01377,223,9.996860986547086,222,222,40,10301 Rushing Rd
stop_01378,74,15.031306306306305,72,73,40,10241 Rushing Rd
stop_01379,91,12.681684981684981,91,89,40,10173 Rushing Rd
stop_01380,39,21.59102564102564,39,38,40,5200 Rushing Rd
stop_01381,14,16.80595238095238,14,14,40,5200 Sanders Ave
stop_01382,652,14.838650306748464,643,633,30,3000 Pershing Dr
stop_01383,100,17.344333333333335,99,89,30,3132 Pershing Dr
stop_01384,68,13.157598039215687,68,68,30,3400 Pershing Dr
stop_01385,107,15.892679127725856,107,101,30,3528 Pershing Dr
stop_01386,120,11.238194444444444,120,119,30,3700 Pershing Dr
stop_01387,244,12.136748633879781,241,240,30,3901 Pershing Dr
stop_01388,148,15.57162162162162,148,144,30,4100 Pershing Dr
stop_01389,51,16.538235294117648,50,51,30,4300 Pershing Dr
stop_01390,25,12.581333333333335,25,25,30,3936 Altura Ave
stop_01391,71,12.158450704225352,71,68,30,4309 Altura Ave
stop_01392,24,12.797916666666666,24,24,30,2000 Marr St
stop_01393,51,11.702614379084968,51,50,30,2216 Radford St
stop_01394,26,18.655128205128204,26,25,30,2400 Radford St
stop_01395,326,14.003885480572597,325,310,30,2600 Radford St
stop_01396,11,12.977272727272727,11,11,30,2700 Radford St
stop_01397,748,16.945677361853832,747,745,30,Pleasonton Rd Bld 1270 & Pike Rd
stop_01398,63,20.292328042328045,63,63,30,2300 Radford St
stop_01399,43,15.496899224806201,43,43,30,4101 Altura Ave
stop_01400,39,17.42905982905983,39,36,30,4415 Pershing Dr
stop_01401,62,15.345430107526882,61,62,30,4209 Pershing Dr
stop_01402,272,19.88137254901961,268,262,30,4011 Pershing Dr
stop_01403,67,18.85398009950249,67,66,30,3431 Pershing Dr
stop_01404,2722,22.71359294636297,2650,2479,30,3223 Pershing Dr
stop_01405,416,18.716947115384617,413,402,30,3029 Pershing Dr
stop_01406,456,13.988815789473684,452,451,30,2927 Pershing Dr
stop_01407,243,12.786488340192044,243,241,35,Dyer St & Hayes Ave
stop_01408,616,9.73146645021645,614,610,35,Wren Ave & Dyer St
stop_01409,1108,17.86028880866426,1097,1068,32|35,4805 Dyer St
stop_01410,362,8.908931860036832,361,360,84,Horizon Blvd & North Loop Dr
stop_01411,32,10.790104166666666,32,31,84,Horizon Blvd & Homan Dr
stop_01412,43,11.502325581395349,43,43,7,7100 Airport Rd
stop_01413,34,12.822549019607845,34,34,7,Zane Grey St & Butterfield Trail
stop_01414,532,8.403195488721805,527,531,14,7955 Mesa St
stop_01415,623,11.442616372391653,620,618,15,7022 Mesa St
stop_01416,1161,8.538156761412575,1157,1148,15,8041 Mesa St
stop_01417,351,13.930769230769231,349,344,40,10060 Rushing Blvd
stop_01418,46,10.26340579710145,45,45,52,11200 Pebble Hills Blvd
stop_01419,99,11.272895622895623,99,99,1|25,Lomaland Dr & Rojas Dr
stop_01420,32,23.295833333333334,30,32,41,3921 Fred Wilson Ave
stop_01421,121,9.603856749311294,121,121,25,2412 Alameda Ave
stop_01422,118,11.853248587570622,117,118,63,Lomita Dr & Lomaland Dr
stop_01423,561,10.258615567439096,558,560,53,1906 Lee Trevino Dr
stop_01424,746,9.07319034852547,743,738,14,Crossroads Dr & Mesa St
stop_01425,193,9.053886010362694,191,191,31|34,500 Stanton St
stop_01426,94,9.650709219858156,94,94,35,Montana Ave & Florence St
stop_01427,148,9.938963963963964,147,142,35,Montana Ave & St Vrain St
stop_01428,133,12.508020050125312,132,131,35,Montana Ave & Octavia St
stop_01429,626,21.201490947816826,615,606,35,Montana Ave & Brown St
stop_01430,133,13.663659147869675,133,133,35,Montana Ave & Langtry St
stop_01431,614,15.737269272529858,597,599,35,Montana Ave & Dallas St
stop_01432,1115,8.797025411061284,1110,1105,35,Montana Ave & Cotton St
stop_01433,194,11.579123711340205,194,194,35,Montana Ave & Walnut St
stop_01434,123,15.32940379403794,122,123,35,Montana Ave & Poplar St
stop_01435,69,10.292995169082126,69,68,35,Montana Ave & Rosewood St
stop_01436,233,13.793919885550785,227,231,33,3106 Montana Ave
stop_01437,86,13.567054263565892,86,85,50,Montana Ave & Cebada St
stop_01438,325,13.271076923076924,323,320,50,Montana Ave & Stevens St
stop_01439,130,17.35076923076923,129,127,50,Montana Ave & Lamar St
stop_01440,619,13.289579967689821,605,597,50,Montana Ave & Loretto Rd
stop_01441,586,15.341609783845277,585,580,50,Montana Ave & St John Dr
stop_01442,421,9.799089469517023,419,418,50,Montana Ave & Argentina St
stop_01443,953,10.134347674011892,948,946,50,Montana Ave & Brunner Pl
stop_01444,85,11.71235294117647,85,85,50,Montana Ave & Paisano Dr
stop_01445,268,9.358955223880596,264,265,50,6590 Montana Ave
stop_01446,732,14.560359744990892,726,718,35,Dyer St & Polk Ave
stop_01447,969,15.329394564843483,961,936,35,Dyer St & Fillmore Ave
stop_01448,986,9.837085868830291,976,976,35,5308 Dyer St
stop_01449,131,11.092748091603054,131,130,35,Dyer St & Flory Ave
stop_01450,680,9.750759803921568,676,675,35,Dyer St & Titanic Ave
stop_01451,159,10.643605870020965,155,153,35,Dyer St & Britton Ave
stop_01452,83,10.389357429718876,83,83,35,Dyer St & Alps Dr
stop_01453,70,10.14452380952381,69,70,35,Wren Ave & Shoppers Rd
stop_01454,402,8.519195688225539,399,398,51,9200 Viscount Blvd
stop_01455,941,20.37054551895147,925,909,51,9400 Viscount Blvd
stop_01456,189,16.016754850088184,189,186,51,9440 Viscount Blvd
stop_01457,886,9.975357411587659,882,875,51,9500 Viscount Blvd
stop_01458,510,8.693366013071895,505,503,51,7500 Gateway East Blvd
stop_01459,88,11.254166666666666,86,86,51,7680 Gateway East Blvd
stop_01460,128,8.6296875,126,126,51,1400 Mc Rae Blvd
stop_01461,229,10.945196506550218,228,228,1|51,1800 Mc Rae Blvd
stop_01462,176,12.602935606060607,176,174,1|51,2500 Mc Rae Blvd
stop_01463,329,9.662715298885512,327,327,51,2600 Mc Rae Blvd
stop_01464,32,11.378125,32,32,51,2900 Mc Rae Blvd
stop_01465,25,11.033333333333333,25,24,51,9800 Edgemere Blvd
stop_01466,34,11.105882352941178,33,34,51,9900 Edgemere Blvd
stop_01467,40,12.538333333333334,39,38,51,10200 Edgemere Blvd
stop_01468,103,20.572491909385114,100,102,51,10400 Edgemere Blvd
stop_01469,38,14.424122807017545,37,37,51,10600 Edgemere Blvd
stop_01470,102,16.677777777777777,101,101,51,10800 Edgemere Blvd
stop_01471,360,18.341435185185187,355,344,51,11200 Edgemere Blvd
stop_01472,478,6.2052649930265,475,475,58|69,George Dieter Dr & Montana Ave
stop_01473,41,14.36829268292683,41,40,69,11455 Turner Ave
stop_01474,28,9.104166666666666,28,28,69,Turner Ave & Aleppo St
stop_01475,449,19.505864884929473,446,432,69,Turner Ave & Damasco Dr
stop_01476,214,10.554439252336449,211,214,51,11500 Edgemere Blvd
stop_01477,85,9.597254901960785,84,82,1,3017 Mc Rae Blvd
stop_01478,117,22.307834757834758,117,117,1,Durango St & Franklin Ave
stop_01479,211,16.05600315955766,206,207,4,410 San Antonio Ave
stop_01480,225,14.171851851851851,224,224,4,San Antonio Ave & Kansas St
stop_01481,166,8.942570281124498,155,155,4|55,Cotton St & San Antonio Ave
stop_01482,1378,16.847847121432025,1320,1276,4|55,San Antonio Ave & Park St
stop_01483,39,11.164102564102565,38,36,4,920 St Vrain St
stop_01484,561,14.035353535353535,536,515,4,Father Rahm Ave & Virginia St
stop_01485,296,11.193862612612612,289,286,10,Santa Fe St & Prospect St
stop_01486,86,11.145348837209303,81,80,10,Santa Fe St & Yandell Dr
stop_01487,48,10.212847222222223,47,47,10,600 Yandell Dr
stop_01488,58,15.849137931034482,56,56,10,519 Los Angeles Dr
stop_01489,69,17.285507246376813,67,67,10,501 Los Angeles Dr
stop_01490,44,15.063636363636363,43,42,10,Los Angeles Dr & Upson Dr
stop_01491,51,15.647385620915033,51,51,10,Los Angeles Dr & Mundy Dr
stop_01492,100,33.383833333333335,97,96,10,821 Mundy Dr
stop_01493,296,15.387894144144145,279,270,10,Mundy Dr & Lawton Dr
stop_01494,116,8.430459770114942,113,113,10,310 Porfirio Diaz St
stop_01495,213,8.42284820031299,210,205,10,Yandell Dr & Mundy Dr
stop_01496,84,9.331349206349207,84,83,10,Schuster Ave & El Paso St
stop_01497,363,14.694123048668501,342,335,10,1106 Mundy Dr
stop_01498,116,35.98117816091954,113,111,10,812 Mundy Dr
stop_01499,47,14.475531914893617,47,46,10,Los Angeles Dr & Stewart Ct
stop_01500,216,12.533950617283951,214,214,10,Oregon St & Overland Ave
stop_01501,720,10.752106481481482,716,698,10,425 Oregon St
stop_01502,337,9.23763600395648,323,319,10,Oregon St & Father Rahm Ave
stop_01503,468,14.047044159544159,463,461,8,714 El Paso St
stop_01504,68,15.375735294117646,67,66,8,520 El Paso St
stop_01505,171,13.139863547758283,171,170,15,4907 Crossroads Dr
stop_01506,1810,10.696795580110498,1793,1780,50,Montana Ave & Raynolds St
stop_01507,48,10.640625,47,44,4|55,800 Magoffin Ave
stop_01508,129,12.784883720930232,124,120,4,San Antonio Ave & Tays St
stop_01509,859,17.487660069848662,793,796,4,Father Rahm Ave & Ochoa St
stop_01510,115,9.222173913043477,114,114,3,608 Campbell St
stop_01511,65,11.193589743589744,64,64,3,408 Campbell St
stop_01512,158,10.772995780590717,156,155,3,222 Campbell St
stop_01513,160,14.7459375,156,155,4,Missouri Ave & Kansas St
stop_01514,195,11.975811965811966,190,186,35,Dyer St & Julian Ave
stop_01515,524,10.209033078880408,497,500,11,700 Oregon St
stop_01516,138,11.06231884057971,134,134,10,Schuster Ave & Lawton Dr
stop_01517,176,12.666950757575757,168,168,10,Porfirio Diaz St & Mundy Dr
stop_01518,88,12.52594696969697,85,85,10,Los Angeles Dr & Yandell Dr
stop_01519,221,16.996832579185522,212,212,61,904 Texas Ave
stop_01520,467,21.50638829407566,442,450,61,1100 Texas Ave
stop_01521,175,13.904761904761905,171,170,61,1220 Texas Ave
stop_01522,101,11.357590759075906,101,100,61,1400 Texas Ave
stop_01523,617,9.900135062128578,614,609,35,9111 Dyer St
stop_01524,435,9.94111111111111,432,431,35,5631 Dyer St
stop_01525,73,14.180593607305937,73,72,35,Dyer St & Hamilton Ave
stop_01526,196,18.565986394557825,195,196,7,7900 Viscount Blvd
stop_01527,159,12.986897274633122,158,157,7,8600 Viscount Blvd
stop_01528,935,17.69499108734403,924,910,51,9375 Viscount Blvd
stop_01529,183,11.262295081967213,182,181,51,9455 Viscount Blvd
stop_01530,521,9.72603966730646,518,516,51,9523 Viscount Blvd
stop_01531,144,9.347800925925926,144,141,1,1239 Mc Rae Blvd
stop_01532,79,10.517299578059072,79,79,1,1601 Mc Rae Blvd
stop_01533,149,9.160290827740493,149,149,3,8441 Alameda Ave
stop_01534,356,9.176123595505617,356,354,3,8383 Alameda Ave
stop_01535,142,10.37007042253521,141,142,3,8201 Alameda Ave
stop_01536,111,16.36261261261261,110,109,61,8099 Alameda Ave
stop_01537,289,15.309284890426758,286,287,61,8061 Alameda Ave
stop_01538,574,14.925522648083623,567,560,61,8003 Alameda Ave
stop_01539,119,12.654901960784315,118,118,61,7931 Alameda Ave
stop_01540,174,14.507279693486591,172,172,61,7903 Alameda Ave
stop_01541,249,11.853748326639893,247,249,61,7793 Alameda Ave
stop_01542,223,11.625112107623318,221,219,61,7679 Alameda Ave
stop_01543,390,11.688504273504273,390,384,61,7657 Alameda Ave
stop_01544,159,9.622117400419288,158,157,61,7621 Alameda Ave
stop_01545,218,13.215749235474005,217,216,61,7577 Alameda Ave
stop_01546,170,11.501764705882353,170,168,61,7565 Alameda Ave
stop_01547,111,10.143393393393394,111,111,61,7505 Alameda Ave
stop_01548,277,11.946811070998798,275,274,61,7335 Alameda Ave
stop_01549,119,10.714705882352941,119,118,61,7191 Alameda Ave
stop_01550,80,11.345208333333334,80,79,61,7069 Alameda Ave
stop_01551,225,10.733777777777778,224,224,61,7043 Alameda Ave
stop_01552,142,13.403521126760563,140,142,61,7015 Alameda Ave
stop_01553,207,13.333252818035426,203,202,24,6731 Alameda Ave
stop_01554,134,14.898134328358209,133,131,24,6611 Alameda Ave
stop_01555,287,11.890185830429733,285,280,24,6501 Alameda Ave
stop_01556,92,16.869565217391305,92,91,24,6393 Alameda Ave
stop_01557,53,13.570754716981131,53,52,24,6295 Alameda Ave
stop_01558,217,8.895391705069125,213,212,24,6055 Alameda Ave
stop_01559,190,10.807105263157894,190,190,24,5791 Alameda Ave
stop_01560,255,8.739215686274509,253,251,24,5701 Alameda Ave
stop_01561,296,9.099943693693694,293,296,61,5519 Alameda Ave
stop_01562,4567,14.390741551711553,4117,3776,25,5301 Alameda Ave
stop_01563,2405,11.232342342342342,2116,1857,25,5205 Alameda Ave
stop_01564,288,10.091377314814814,287,288,21,4815 Alameda Ave
stop_01565,83,10.50020080321285,83,83,21,4600 Alameda Ave
stop_01566,109,10.784250764525995,109,107,21,4300 Alameda Ave
stop_01567,121,9.326584022038567,121,121,21,4301 Alameda Ave
stop_01568,133,17.312907268170427,131,129,53,East Glen Dr & Robert Wynn St
stop_01569,35,11.393809523809525,34,35,53,East Glen Dr & Anise Dr
stop_01570,62,17.870698924731183,61,60,53,East Glen Dr & Mermaid Dr
stop_01571,152,18.483991228070174,151,150,53,Red Sails Dr & Skipper Dr
stop_01572,1041,8.791594620557156,1034,1035,53,Lee Trevino Dr & Pebble Hills Blvd
stop_01573,111,13.683633633633633,109,108,53,Lee Trevino Dr & Gay Brewer Dr
stop_01574,751,11.38455392809587,744,738,53,Lee Trevino Dr & Sam Snead Dr
stop_01575,608,11.417406798245615,606,601,53,2000 Lee Trevino Dr
stop_01576,58,11.335344827586209,58,58,53,Montwood Dr & Mermaid Dr
stop_01577,57,11.357894736842105,56,57,1,Montwood Dr & Anise Dr
stop_01578,83,12.438152610441765,83,83,1,Montwood Dr & Noviembre Dr
stop_01579,180,12.992037037037036,179,180,1,Montwood Dr & Enero Dr
stop_01580,423,12.961662726556344,418,407,1,Montwood Dr & Jonwood St
stop_01581,314,9.7697983014862,312,313,53,Montwood Dr & Mc Rae Blvd
stop_01582,52,9.549358974358974,52,52,53,Montwood Dr & Catnip St
stop_01583,51,10.923202614379086,51,51,53,Montwood Dr & McFall Dr
stop_01584,309,8.316396979503777,304,305,51,8935 Viscount Blvd
stop_01585,25,8.776,25,25,7,368 Yarbrough Dr
stop_01586,398,7.129857621440536,398,395,7,North Loop Dr & Mauer Rd
stop_01587,478,10.81844490934449,473,469,7,North Loop Dr & East Rd
stop_01588,14,12.973809523809523,14,14,7,North Loop Dr & Center Way
stop_01589,1576,13.42190143824027,1560,1546,7,North Loop Dr & West Dr
stop_01590,343,10.003352769679301,343,335,7,North Loop Dr & Carolina Dr
stop_01591,200,9.14775,199,199,7,North Loop Dr & Hunter Dr
stop_01592,26,10.75,25,25,7,7375 North Loop Dr
stop_01593,50,9.608666666666666,50,49,7,North Loop Dr & La Promesa Ln
stop_01594,29,11.449425287356323,28,27,7,946 Hawkins Blvd
stop_01595,99,11.255218855218855,97,99,7,1054 Hawkins Blvd
stop_01596,180,15.433148148148149,179,177,7,Eastside Terminal Bay 1 &
stop_01597,202,11.691666666666666,200,201,7,Viscount Blvd & Bellrose Dr
stop_01598,120,10.038194444444445,120,119,7,Gateway West Blvd & Robert E Lee Rd
stop_01599,577,10.100028885037549,577,574,7,1100 Geronimo Dr
stop_01600,181,9.968968692449357,181,180,7,Airport Rd & Montana Ave
stop_01601,74,9.779954954954956,73,73,7,Airport Rd & Isha Way
stop_01602,37,11.713513513513513,37,37,7,Diana Dr & Meade Ct
stop_01603,32,9.5984375,32,32,7,Diana Dr & Benning Ave
stop_01604,35,12.874761904761906,35,34,7,Diana Dr & Wilmoth Ct
stop_01605,317,7.812407991587802,315,311,7,Diana Dr & Alps Dr
stop_01606,123,16.35989159891599,121,121,7,Diana Dr & Marie Tobin Dr
stop_01607,423,17.329078014184397,410,397,7,Diana Dr & Joe Herrera Dr
stop_01608,92,12.194021739130434,91,91,22,716 Chelsea St
stop_01609,54,12.273148148148149,54,54,22,5300 Trowbridge Dr
stop_01610,50,13.368333333333332,50,50,22,5133 Trowbridge Dr
stop_01611,201,18.498341625207296,199,189,22,4905 Trowbridge Dr
stop_01612,203,22.158045977011493,202,191,22,1403 Raynolds St
stop_01613,165,23.585151515151516,163,158,22,1100 Raynolds St
stop_01614,690,16.71673913043478,683,677,3,Oregon St & Mills Ave East
stop_01615,582,10.011626575028636,568,562,23,Paisano Dr & Oregon St
stop_01616,705,10.232340425531914,682,678,23,Paisano Dr & Mesa St
stop_01617,32,24.81041666666667,32,32,23,408 Paisano Dr
stop_01618,54,11.112962962962964,53,53,23,702 Paisano Dr
stop_01619,216,11.766358024691359,208,207,23,800 Paisano Dr
stop_01620,155,11.61010752688172,151,151,23,Paisano Dr & Delta Dr
stop_01621,77,9.667748917748916,76,73,23,Paisano Dr & Tays St
stop_01622,155,18.980537634408602,153,146,23,Paisano Dr & Park St
stop_01623,118,8.541525423728814,115,116,23,1400 Paisano Dr
stop_01624,12,8.605555555555556,11,12,23,2000 Paisano Dr
stop_01625,677,9.451723289020187,671,668,23,Paisano Dr & Piedras St
stop_01626,63,6.871164021164021,63,63,23,Paisano Dr & Webber Pl
stop_01627,56,6.892559523809524,56,56,23,4000 Paisano Dr
stop_01628,122,8.445491803278689,121,120,23|24,4300 Paisano Dr
stop_01629,124,8.082123655913978,123,124,23,4400 Paisano Dr
stop_01630,59,12.900847457627119,58,59,23|24,4700 Paisano Dr
stop_01631,122,8.799180327868852,122,121,23,223 Val Verde St
stop_01632,64,12.61015625,64,62,23,4900 Blanco Ave
stop_01633,79,13.731856540084387,78,76,23|24,5300 Blanco Ave
stop_01634,103,10.854368932038835,103,103,23|24,6800 Delta Dr
stop_01635,72,12.177083333333334,72,72,23,6811 Delta Dr
stop_01636,95,16.41140350877193,92,95,23,6355 Delta Dr
stop_01637,239,27.124267782426777,238,226,23,6125 Delta Dr
stop_01638,230,21.739637681159422,228,216,23,6021 Delta Dr
stop_01639,432,24.261458333333334,427,392,23,5841 Delta Dr
stop_01640,110,13.122424242424243,110,109,23,5751 Delta Dr
stop_01641,114,13.550438596491228,114,113,23,5625 Delta Dr
stop_01642,93,10.260931899641577,92,92,23,5600 Delta Dr
stop_01643,69,14.382125603864734,67,69,23|24,509 Huerta St
stop_01644,53,14.987106918238995,52,50,23,Edna Ave & Huerta St
stop_01645,16,9.810416666666667,16,16,23,Edna Ave & Lisbon St
stop_01646,62,26.648387096774194,62,61,23,549 Edna Ave
stop_01647,14,15.80952380952381,14,14,23,629 De Vargas Dr
stop_01648,35,15.941904761904762,35,35,23,679 De Vargas Dr
stop_01649,40,15.922916666666666,40,39,23,5213 Flower Dr
stop_01650,25,9.374666666666666,25,24,23,Flower Dr & Val Verde St
stop_01651,64,16.42890625,64,64,23,606 Val Verde St
stop_01652,119,12.149159663865547,116,115,23,454 Val Verde St
stop_01653,83,13.439759036144578,82,83,23,400 Comanche Ave
stop_01654,42,17.34246031746032,41,40,23|24,Comanche Ave & Francis St
stop_01655,41,23.490650406504066,41,40,23|24,Comanche Ave & French Rd
stop_01656,62,11.418817204301076,62,59,23,4321 Delta Dr
stop_01657,303,10.205720572057206,301,296,23,Delta Dr & Boone St
stop_01658,14,16.916666666666668,14,14,23,Delta Dr & Gateway North Blvd
stop_01659,31,11.373118279569892,31,30,23|24,Delta Dr & San Marcial St
stop_01660,29,8.45632183908046,29,28,23|24,Delta Dr & Cypress Ave
stop_01661,172,11.356298449612403,168,168,23,Delta Dr & Cotton St
stop_01662,51,10.72549019607843,51,50,23,1313 Delta Dr
stop_01663,169,19.075936883629193,165,161,23,321 Park St
stop_01664,77,19.094155844155843,73,75,23,Park St & Father Rahm Ave
stop_01665,9,13.757407407407406,9,9,23,1001 Seventh Ave
stop_01666,176,16.734848484848484,172,173,23,801 Seventh Ave
stop_01667,16,21.246875,16,16,23,311 Seventh Ave
stop_01668,364,8.22948717948718,356,356,23,Santa Fe St & Calleros Ct
stop_01669,144,7.1856481481481485,141,140,3|23,700 Santa Fe St
stop_01670,317,11.76098843322818,312,306,23,414 Santa Fe St
stop_01671,480,8.969583333333333,462,463,3,Santa Fe St & Paisano Dr
stop_01672,220,8.277727272727272,219,212,3,Santa Fe St & Father Rahm Ave
stop_01673,796,20.79214824120603,773,705,24,710 Park St
stop_01674,155,11.82989247311828,151,152,24,1412 Delta Dr
stop_01675,53,9.61320754716981,53,53,24,4100 Delta Dr
stop_01676,53,11.021383647798743,53,51,24,Delta Dr & Tobin Pl
stop_01677,98,21.8952380952381,98,98,24,Val Verde St & Edna Ave
stop_01678,22,10.190151515151515,22,21,24,4910 Flower Dr
stop_01679,34,14.596568627450981,34,33,24,5220 Flower Dr
stop_01680,30,16.390555555555558,30,30,24,676 De Vargas Dr
stop_01681,19,16.675438596491226,19,19,24,632 De Vargas Dr
stop_01682,17,16.848039215686274,17,17,24,Edna Ave & De Vargas Dr
stop_01683,10,6.653333333333333,10,10,24,5522 Edna Ave
stop_01684,86,16.093217054263565,84,86,24,5610 Delta Dr
stop_01685,84,10.707539682539682,84,83,24,5700 Delta Dr
stop_01686,130,26.82179487179487,127,125,24,5800 Delta Dr
stop_01687,430,24.795775193798452,426,392,24,5904 Delta Dr
stop_01688,235,26.43127659574468,235,221,24,6112 Delta Dr
stop_01689,203,9.926272577996716,202,200,24,6208 Delta Dr
stop_01690,211,10.694549763033177,210,208,24,6314 Delta Dr
stop_01691,378,12.337654320987655,373,367,24,6400 Delta Dr
stop_01692,134,16.076119402985075,133,134,24,6700 Delta Dr
stop_01693,181,10.598526703499079,179,179,24,Paisano Access & Lisbon St
stop_01694,53,11.451572327044024,53,51,24,Blanco Ave & Concepcion St
stop_01695,94,15.569326241134751,94,92,24,Paisano Dr & Hernandez St
stop_01696,179,9.234450651769087,177,178,24,Paisano Dr & Boone St
stop_01697,122,13.577322404371586,121,122,24,Paisano Dr & Estrella St
stop_01698,8,8.1125,7,7,24,2121 Paisano Dr
stop_01699,98,11.073469387755102,98,98,24,Paisano Dr & Eucalyptus St
stop_01700,140,18.147619047619045,139,132,24,1315 Paisano Dr
stop_01701,612,8.119662309368191,595,587,24,Paisano Dr & St Vrain St
stop_01702,205,11.510569105691056,195,197,24,Paisano Dr & Ochoa St
stop_01703,51,11.409150326797386,50,50,24,Paisano Dr & Florence St
stop_01704,346,9.41242774566474,341,340,24,Paisano Dr & Stanton St
stop_01705,53,12.25691823899371,52,50,62,5000 Delta Dr
stop_01706,60,15.261944444444445,60,57,62,5200 Delta Dr
stop_01707,47,12.195035460992907,47,46,62,121 George Orr Rd
stop_01708,63,23.88915343915344,63,63,62,147 George Orr Rd
stop_01709,57,14.277777777777779,57,57,62,7104 Granite Rd
stop_01710,49,19.323469387755104,49,49,62,144 Polo Inn Rd
stop_01711,380,5.601842105263158,360,337,25,Paisano Dr & Yandell Dr
stop_01712,47,13.246099290780142,47,47,64,Geronimo Dr & Arapaho Rd
stop_01713,65,17.26948717948718,65,65,64,Geronimo Dr & Taos Dr
stop_01714,117,10.435327635327635,117,117,64,Geronimo Dr & Trowbridge Dr
stop_01715,87,11.059578544061303,87,87,64,805 Clark Dr
stop_01716,20,9.859166666666667,20,19,64,6116 Tampa Ave
stop_01717,47,13.924113475177306,47,44,64,706 Geronimo Dr
stop_01718,48,12.303819444444445,48,46,64,832 Geronimo Dr
stop_01719,104,14.698397435897437,104,104,64,Trowbridge Dr & Marlow Rd
stop_01720,149,13.628635346756152,149,148,66,9021 Betel Dr
stop_01721,293,8.45056882821388,290,292,66,835 Zaragoza Rd
stop_01722,207,11.523752012882447,204,203,66,825 Zaragoza Rd
stop_01723,53,11.288364779874213,53,52,67,424 Yarbrough Dr
stop_01724,338,16.725443786982247,335,332,67,Yarbrough Dr & Stanford Ct
stop_01725,233,8.909227467811158,233,231,67,550 Yarbrough Dr
stop_01726,626,17.244914802981896,621,600,63|67,San Paulo Dr & Yarbrough Dr
stop_01727,404,9.190222772277227,401,400,67,Yarbrough Dr & Rodeo Dr
stop_01728,847,11.251672569854387,844,843,67,1176 Yarbrough Dr
stop_01729,111,12.627477477477479,109,109,67,Yarbrough Dr & Vista Alegre Dr
stop_01730,1218,9.35254515599343,1205,1198,67,Yarbrough Dr & Trawood Dr
stop_01731,84,10.421626984126984,83,83,67,Yarbrough Dr & Causeway Dr
stop_01732,124,12.545833333333334,123,124,67,Yarbrough Dr & Ashwood Dr
stop_01733,374,10.012923351158646,371,370,67,Yarbrough Dr & Album Ave
stop_01734,402,19.177653399668326,398,390,67|68,Yarbrough Dr & Coralstone Dr
stop_01735,74,14.25945945945946,73,70,67,Lee Trevino Dr & Sagebrush Way
stop_01736,35,11.096666666666666,35,35,67,Lee Trevino Dr & Elkhart Dr
stop_01737,103,15.981553398058251,103,103,67,Lee Trevino Dr & Hector Dr
stop_01738,594,9.591975308641976,593,592,67,1777 Lee Trevino Dr
stop_01739,175,12.502952380952383,173,174,67,1601 Lee Trevino Dr
stop_01740,99,11.679629629629629,99,99,67,1491 Lee Trevino Dr
stop_01741,371,11.002156334231806,368,368,67,1421 Lee Trevino Dr
stop_01742,94,15.356737588652482,94,94,67,1351 Lee Trevino Dr
stop_01743,50,16.599666666666668,50,50,68,Castner Dr & Destello Rd
stop_01744,28,17.39702380952381,27,28,68,8461 Castner Dr
stop_01745,35,11.76047619047619,35,35,68,Lee Trevino Dr & Highland Ave
stop_01746,93,10.090860215053764,92,93,68,Lee Trevino Dr & Yermoland Dr
stop_01747,44,15.44848484848485,43,44,67,8375 Burnham Dr
stop_01748,286,14.49493006993007,286,285,68,1360 Lee Trevino Dr
stop_01749,91,15.257692307692308,91,91,68,Lee Trevino Dr & Hitchcock Ave
stop_01750,28,12.364880952380954,28,28,68,Lee Trevino Dr & Highwood Way
stop_01751,33,16.41010101010101,33,32,68,820 Kastrin St
stop_01752,427,8.130679156908666,424,422,68,Yarbrough Dr & Karen St
stop_01753,101,11.044884488448844,100,99,68,2809 Yarbrough Dr
stop_01754,158,10.921835443037976,158,158,1,Yarbrough Dr & Camwood Dr
stop_01755,115,9.98913043478261,114,114,68,Yarbrough Dr & Janway Dr
stop_01756,369,11.177868112014453,368,364,68,Yarbrough Dr & Texwood Ave
stop_01757,484,16.588223140495867,479,472,68,Yarbrough Dr & Candlewood Ave
stop_01758,78,10.281623931623932,78,77,68,611 Yarbrough Dr
stop_01759,243,9.905692729766804,243,239,68,599 Yarbrough Dr
stop_01760,477,9.955939902166318,473,469,68,Yarbrough Dr & Lafayette Dr
stop_01761,38,24.19473684210526,38,37,62,7900 Valley View Dr
stop_01762,12,13.284722222222221,11,12,68,595 Schwabe St
stop_01763,2127,10.640667606958157,1760,1740,68,3559 Yarbrough Dr
stop_01764,546,8.591239316239315,544,544,68,1135 Yarbrough Dr
stop_01765,181,11.933793738489872,181,178,67,3512 Yarbrough Dr
stop_01766,1511,11.73456871828811,1494,1488,67,1461 Lee Trevino Dr
stop_01767,217,8.95852534562212,215,212,25,5595 Paisano Dr
stop_01768,118,11.18686440677966,118,118,25,6248 Edgemere Blvd
stop_01769,62,12.762365591397849,62,62,25,6354 Edgemere Blvd
stop_01770,65,13.142307692307693,64,63,25,6412 Edgemere Blvd
stop_01771,766,8.500217580504787,766,760,25|55,Airway Blvd & Edgemere Blvd
stop_01772,546,11.08519536019536,545,542,25,1160 Airway Blvd
stop_01773,487,10.670465434633812,487,486,25,6211 Edgemere Blvd
stop_01774,68,22.534068627450978,67,66,25,Raynor St & Missouri Ave
stop_01775,1536,11.721950954861112,1521,1494,55,Piedras St & Alameda Ave
stop_01776,78,10.893376068376067,77,77,55,Edgemere Blvd & Bellrose Dr
stop_01777,109,11.427064220183485,109,109,55,Edgemere Blvd & Juniper St
stop_01778,99,15.473569023569025,96,98,55,Edgemere Blvd & Oakdale Dr
stop_01779,82,14.972967479674796,81,81,55,Edgemere Blvd & Cessna Dr
stop_01780,61,10.43825136612022,61,61,55,Edgemere Blvd & Sunburst Dr
stop_01781,755,13.537461368653421,743,724,55,Edgemere Blvd & Hawkins Blvd
stop_01782,820,7.023638211382114,814,814,55,Edgemere Blvd & Catalina Way
stop_01783,68,16.55563725490196,68,66,25,6400 Edgemere Blvd
stop_01784,778,8.905805484147386,774,770,25,Piedras St & Gateway West Blvd
stop_01785,166,14.891465863453814,158,149,55,San Antonio Ave & St Vrain St
stop_01786,129,17.077131782945735,123,116,55,San Antonio Ave & Hills St
stop_01787,487,12.63104038329911,475,461,55,Cotton St & Bassett Ave
stop_01788,119,11.860364145658265,119,114,4,Cotton St & Olive Ave
stop_01789,175,14.063809523809523,169,162,55,San Antonio Ave & Olive Ave
stop_01790,274,14.850486618004867,274,272,63,712 Yarbrough Dr
stop_01791,154,11.782792207792207,153,154,63,7945 Parral Dr
stop_01792,268,14.274937810945273,264,258,63,7921 Parral Dr
stop_01793,109,11.028899082568808,109,109,63,Giles Rd & Parral Dr
stop_01794,95,18.528947368421054,95,93,63,7751 Phoenix Dr
stop_01795,37,10.681981981981982,36,34,63,Phoenix Dr & Cuba Dr
stop_01796,47,10.382624113475178,47,46,63,Phoenix Dr & Puerto Rico St
stop_01797,51,12.609803921568627,51,50,63,1500 Hunter Dr
stop_01798,545,8.592140672782874,539,540,63,1808 Hunter Dr
stop_01799,115,14.127536231884058,114,115,3,Yarbrough Dr & Arvin Cir
stop_01800,141,11.249290780141845,141,139,3,500 Yarbrough Dr
stop_01801,51,11.150980392156864,51,51,3,440 Yarbrough Dr
stop_01802,35,12.587619047619048,35,35,3,Yarbrough Dr & Cinecue Dr
stop_01803,40,10.725,39,40,3,Socorro Rd & Yaya Ln
stop_01804,87,11.93352490421456,85,85,3,Socorro Rd & Zenaida Ln
stop_01805,44,9.266666666666667,43,42,3,Socorro Rd & Salamanca Ln
stop_01806,132,7.713762626262627,131,131,3,Socorro Rd & Vallarta Dr
stop_01807,23,9.718115942028986,23,23,3,224 Isaiah Dr
stop_01808,25,14.454,25,25,3,194 Isaiah Dr
stop_01809,22,25.6969696969697,22,22,3,9864 Sayers Dr
stop_01810,14,18.666666666666664,14,14,3,9885 Sayers Dr
stop_01811,55,14.624242424242425,55,55,3,Yarbrough Dr & Fresno Dr
stop_01812,57,10.213742690058481,57,57,3,Yarbrough Dr & Craddock Ave
stop_01813,75,12.892,74,75,3|68,501 Yarbrough Dr
stop_01814,5,6.123333333333333,5,5,3,Campbell St & Eighth Ave
stop_01815,55,8.64090909090909,52,48,10,Prospect St & Heisig Ave
stop_01816,67,18.620398009950247,66,65,41,Piedras St & Nations Ave
stop_01817,44,9.952272727272726,44,44,41,Piedras St & Jackson Ave
stop_01818,350,8.49604761904762,349,348,41,4000 Piedras St
stop_01819,29,8.635057471264368,28,28,41,4202 Piedras St
stop_01820,11,8.287878787878789,11,9,41,Piedras St & Polk Ave
stop_01821,25,10.575333333333333,25,25,41,Piedras St & Fillmore Ave
stop_01822,19,12.882456140350877,19,19,41,Byron St & Leavell Ave
stop_01823,26,13.43397435897436,26,26,41,5815 Byron St
stop_01824,74,15.943018018018018,73,70,41,5509 Byron St
stop_01825,32,10.2703125,32,31,41,Alabama St & Sheppard Ave
stop_01826,12,10.72638888888889,12,12,41,6300 Alabama St
stop_01827,9,9.364814814814814,9,9,41,7000 Alabama St
stop_01828,55,10.847575757575758,55,55,41,7790 Alabama St
stop_01829,12,9.768055555555556,12,12,41,Magnetic Dr & Volcanic Ave
stop_01830,37,20.184684684684687,37,37,41,Magnetic Dr & Olympic Ave
stop_01831,13,13.703846153846154,13,13,41,Magnetic Dr & Diamond Dr
stop_01832,12,14.588888888888889,12,12,41,Magnetic Dr & Dolomite Dr
stop_01833,22,13.382575757575758,22,22,41,Magnetic Dr & Craigo Ave
stop_01834,37,6.912612612612613,37,37,41,Magnetic Dr & Hondo Pass Dr
stop_01835,25,9.804,25,25,41,Echo St & Hondo Pass Dr
stop_01836,11,7.619696969696969,11,11,41,Echo St & Sands Ave
stop_01837,70,12.696904761904761,70,70,41,Bob Mitchell Dr & Neil Armstrong Ln
stop_01838,4757,22.655696867773806,4689,4487,41,Bob Mitchell Dr & Gordon Cooper Ln
stop_01839,92,14.276992753623189,92,89,1,Trawood Dr & Ron Cerrudo St
stop_01840,51,12.032679738562091,50,51,1,Trawood Dr & Bill Hill Dr
stop_01841,509,16.693713163064835,507,507,1,Trawood Dr & Weston Brent Ln
stop_01842,59,11.417796610169491,59,59,1,Trawood Dr & Arnold Palmer Dr
stop_01843,2197,8.735169170080413,2177,2150,1,Gateway East Blvd & Airway Blvd
stop_01844,97,9.879896907216494,97,96,1,Gateway East Blvd & Humble Pl
stop_01845,119,12.268207282913165,119,119,1,Gateway East Blvd & East Side Rd
stop_01846,99,15.851346801346802,98,98,1,6926 Gateway East Blvd
stop_01847,155,10.171505376344086,155,153,1,7942 Gateway East Blvd
stop_01848,461,9.679284164859002,457,456,1,Gateway East Blvd & Yarbrough Dr
stop_01849,52,8.356410256410257,52,52,1,Gateway East Blvd & Lafayette Dr
stop_01850,70,9.874285714285715,70,69,1,Gateway East Blvd & Stanley St
stop_01851,456,9.008077485380117,452,452,1,Lomaland Dr & Gateway West Blvd
stop_01852,93,10.660035842293906,93,93,1,11220 Rojas Dr
stop_01853,750,10.150533333333334,744,744,1,Rojas Dr & Lee Trevino Dr
stop_01854,65,13.344615384615384,65,65,1,11420 Rojas Dr
stop_01855,90,12.577777777777778,90,90,1,11620 Rojas Dr
stop_01856,59,15.780790960451977,59,59,1,Rojas Dr & Adabel Dr
stop_01857,801,9.9270911360799,797,797,1,Pellicano Dr & George Dieter Dr
stop_01858,709,9.903526093088859,706,704,1,Pellicano Dr & Zaragoza Rd
stop_01859,92,11.94945652173913,92,91,1,Zaragoza Rd & Robert Hoe Dr
stop_01860,68,9.62843137254902,67,67,1,Vista Del Sol Dr & Diego Rivera Dr
stop_01861,102,15.84934640522876,102,102,1,Vista Del Sol Dr & Van Gogh Dr
stop_01862,85,18.25686274509804,84,83,1,Peter Cooper Dr & Jose Cisneros Dr
stop_01863,359,30.928087279480035,356,345,1,Peter Cooper Dr & Noel Espinoza Cir
stop_01864,54,10.135185185185184,54,53,1,Vista Del Sol Dr & Cezanne Cir
stop_01865,75,9.888444444444444,75,75,1,Vista Del Sol Dr & Whistler Ln
stop_01866,858,8.235839160839161,851,854,1,Gateway West Blvd & Yarbrough Dr (Beijing Lil
stop_01867,5,5.533333333333333,5,5,52,10200 Gateway West Blvd
stop_01868,269,14.726146220570014,269,264,1,Kansas St & Main Dr
stop_01869,115,17.339710144927537,113,109,25,900 San Marcial St
stop_01870,67,12.71592039800995,66,67,65,7157 North Loop Dr
stop_01871,19,10.17280701754386,19,19,7,7400 Diana Dr
stop_01872,222,10.9493993993994,222,221,63,North Loop Dr & Pendale Rd
stop_01873,96,13.057812499999999,94,91,53,11200 Montwood Dr
stop_01874,587,7.442248722316866,585,581,1,Gateway East Blvd & Hawkins Blvd
stop_01875,67,13.122885572139303,67,63,51,7636 Gateway East Blvd
stop_01876,58,10.291091954022988,58,58,52,7750 Gateway East Blvd
stop_01877,455,8.155641025641026,451,452,1,10460 Vista Del Sol Dr
stop_01878,189,10.285978835978836,188,188,7,Viscount Blvd & Westmoreland Dr
stop_01879,184,10.91213768115942,183,182,7,Rojas Dr & Pullman Dr
stop_01880,14,15.627380952380951,14,14,7,Peter Cooper Dr & Henry Brennan Dr
stop_01881,2,10.45,2,2,7,Don Haskins Dr &
stop_01882,12,10.927777777777777,12,12,7,Don Haskins Dr & Peter Cooper Dr
stop_01883,43,11.995736434108528,42,43,7,Don Haskins Dr & Pullman Dr
stop_01884,523,10.909847036328873,521,522,32,1100 Piedras St
stop_01885,60,11.634722222222223,60,59,32,1500 Piedras St
stop_01886,71,14.121126760563381,71,70,32,1800 Piedras St
stop_01887,409,6.734759576202119,406,405,32,1900 Piedras St
stop_01888,1198,10.462659988870339,1188,1185,32,2200 Piedras St
stop_01889,141,15.91241134751773,141,141,32,2400 Piedras St
stop_01890,93,15.139605734767025,93,93,32,2511 Piedras St
stop_01891,107,14.509034267912773,106,106,32,2900 Piedras St
stop_01892,92,13.870471014492752,92,90,32,3000 Piedras St
stop_01893,60,20.84,60,59,32,3100 Fort Blvd
stop_01894,78,10.16260683760684,78,76,32,3224 Fort Blvd
stop_01895,654,9.993323139653414,653,652,32,3300 Copia St
stop_01896,134,17.63047263681592,132,134,32,3500 Copia St
stop_01897,34,18.420588235294115,33,34,32,3800 Copia St
stop_01898,49,12.891836734693879,47,47,32,3900 Copia St
stop_01899,37,29.802702702702703,36,37,32,4114 Byron St
stop_01900,21,25.58730158730159,20,20,32,4400 Byron St
stop_01901,48,11.528472222222222,47,46,32,4600 Byron St
stop_01902,41,18.23008130081301,40,40,32,4760 Byron St
stop_01903,13,12.394871794871793,13,12,32,4900 Byron St
stop_01904,49,9.86360544217687,49,49,32,3524 Hayes Ave
stop_01905,49,12.027551020408163,48,47,32,3804 Hayes Ave
stop_01906,47,25.037943262411346,45,44,32,3829 Truman Ave
stop_01907,13,15.405128205128205,13,13,32,3605 Truman Ave
stop_01908,43,20.00658914728682,42,43,32,4700 Byron St
stop_01909,92,16.421739130434784,92,88,32,4500 Byron St
stop_01910,30,20.734444444444442,29,29,32,4425 Byron St
stop_01911,39,26.938888888888886,38,39,32,4100 Byron St
stop_01912,91,13.80054945054945,89,88,32,4000 Copia St
stop_01913,37,12.105405405405405,37,37,32,3700 Copia St
stop_01914,35,11.896190476190476,35,35,32,3400 Copia St
stop_01915,45,10.913333333333334,45,44,32,3031 Fort Blvd
stop_01916,97,13.463745704467355,97,97,32,3021 Piedras St
stop_01917,325,19.424666666666667,324,322,32,2817 Piedras St
stop_01918,199,13.7892797319933,197,198,32,2619 Piedras St
stop_01919,1286,10.449481596682219,1274,1272,32,2219 Piedras St
stop_01920,505,7.2588778877887785,502,502,32,2020 Piedras St
stop_01921,84,17.47202380952381,84,83,32,1717 Piedras St
stop_01922,281,13.527520759193356,278,270,32,1315 Piedras St
stop_01923,217,11.441090629800307,211,212,11,1800 Oregon St
stop_01924,212,11.959827044025156,211,210,11,2400 Stanton St
stop_01925,147,15.535487528344671,147,147,11,2518 Stanton St
stop_01926,30,9.965,30,29,11,518 Cincinnati Ave
stop_01927,30,7.210555555555556,30,29,11,900 Baltimore Dr
stop_01928,66,12.781818181818181,65,63,11,1005 Baltimore Dr
stop_01929,177,20.5213747645951,171,155,11,1204 Baltimore Dr
stop_01930,146,26.58059360730594,144,126,11,1236 Baltimore Dr
stop_01931,16,10.290625,16,15,11,1015 Mesita Dr
stop_01932,12,11.784722222222223,12,11,11,1003 Mesita Dr
stop_01933,84,10.781944444444445,84,84,11,801 Mesita Dr
stop_01934,58,10.607471264367817,58,57,11,3800 Stanton St
stop_01935,76,15.946271929824562,76,74,11,3938 Stanton St
stop_01936,77,8.701948051948051,77,75,11,4200 Stanton St
stop_01937,33,9.897474747474748,32,32,11,4300 Stanton St
stop_01938,73,11.791324200913241,73,72,11,4400 Stanton St
stop_01939,71,11.45774647887324,70,70,11,4600 Stanton St
stop_01940,100,11.005666666666666,99,99,11,4433 Stanton St
stop_01941,22,13.06439393939394,22,22,11,4100 Stanton St
stop_01942,61,9.113934426229509,61,60,11,4000 Stanton St
stop_01943,328,20.1849593495935,323,315,11,3900 Stanton St
stop_01944,87,11.357279693486591,87,87,11,3611 Stanton St
stop_01945,29,17.882183908045977,29,29,11,601 Mesita Dr
stop_01946,16,14.058333333333334,16,16,11,600 Mc Kelligon Dr
stop_01947,30,25.47277777777778,30,30,11,600 Baltimore Dr
stop_01948,18,9.621296296296297,18,16,11,2709 Florence St
stop_01949,196,13.625170068027211,194,191,10,2601 Stanton St
stop_01950,332,8.50667670682731,329,328,10,2340 Stanton St
stop_01951,255,12.186209150326796,253,253,10,2201 Stanton St
stop_01952,46,10.118115942028986,46,46,13,Festival Dr & Confetti Dr
stop_01953,35,15.424285714285714,35,35,13,Festival Dr & Mardi Gras Dr
stop_01954,78,17.985042735042732,78,78,13,5206 Carousel Dr
stop_01955,57,16.212865497076024,57,56,13,5236 Carousel Dr
stop_01956,46,13.304710144927537,46,46,13,Carousel Dr & Mardi Gras Dr
stop_01957,109,16.200611620795108,108,103,13,Carousel Dr & Vaudeville Dr
stop_01958,31,12.117204301075269,30,30,13,Confetti Dr & Carousel Dr
stop_01959,312,10.23525641025641,309,311,13,Crestmont Dr & Mesa St
stop_01960,32,12.0203125,32,32,13,207 Crestmont Dr
stop_01961,27,13.115432098765432,27,27,13,305 Crestmont Dr
stop_01962,29,8.491954022988505,29,29,13,364 Crestmont Dr
stop_01963,62,10.548387096774194,62,61,13,Cadiz St & San Saba Rd
stop_01964,308,16.700378787878787,303,294,13,Cadiz St & Balboa Rd
stop_01965,76,12.942543859649122,75,76,13,6109 Cadiz St
stop_01966,34,10.783823529411764,34,33,13,Cadiz St & Francisco Ave
stop_01967,203,12.805172413793102,200,199,13,6420 Fiesta Dr
stop_01968,88,14.278219696969698,88,85,13,6300 Fiesta Dr
stop_01969,215,9.826511627906976,213,213,13,Balboa Rd & Pinta Way
stop_01970,829,12.685002010454363,827,821,13,119 Balboa Rd
stop_01971,265,12.72308176100629,264,261,13,6101 Dew Dr
stop_01972,92,16.929891304347827,90,89,13,220 Thunderbird Dr
stop_01973,658,15.884194528875378,648,634,13,300 Thunderbird Dr
stop_01974,744,11.607594086021505,736,733,13,Thunderbird Dr & Westwind Dr
stop_01975,151,13.839955849889625,150,146,13,6300 Westwind Dr
stop_01976,136,12.395710784313724,136,132,13,Westwind Dr & Snowheights Ct
stop_01977,129,14.47997416020672,127,127,13,6412 Westwind Dr
stop_01978,76,12.802850877192983,75,74,13,6500 Escondido Dr
stop_01979,95,13.00578947368421,94,93,13,6700 Escondido Dr
stop_01980,53,15.928616352201258,52,53,13,6936 Escondido Dr
stop_01981,108,13.714814814814815,108,108,13,Resler Dr & Enid Ct
stop_01982,146,9.328881278538812,146,144,13,Resler Dr & Alto Rey Ave
stop_01983,102,13.319117647058823,101,100,13,Pitts St & Resler Dr
stop_01984,57,19.864912280701752,56,56,13,Escondido Dr & Palmary Dr
stop_01985,70,11.167380952380952,69,68,13,6821 Escondido Dr
stop_01986,99,14.081818181818184,98,95,13,6717 Escondido Dr
stop_01987,111,12.26126126126126,109,108,13,Westwind Dr & Northwind Dr
stop_01988,709,15.376586741889986,698,681,13,Thunderbird Dr & Caprock Ct
stop_01989,161,10.19575569358178,158,161,13,Balboa Rd & Dew Dr
stop_01990,40,11.410833333333333,40,38,13,6544 Fiesta Dr
stop_01991,68,13.83578431372549,67,66,13,6012 Cadiz St
stop_01992,24,10.038194444444445,24,24,13,308 Crestmont Dr
stop_01993,57,9.528654970760234,56,57,13,212 Crestmont Dr
stop_01994,44,14.2875,44,44,13,5241 Carousel Dr
stop_01995,35,7.83047619047619,35,33,13,224 Festival Dr
stop_01996,455,9.771648351648352,454,453,53,12140 Montwood Dr
stop_01997,55,10.266666666666666,55,54,14,Rubin Dr & Mangrum Cir
stop_01998,95,12.387368421052631,95,94,14,Suncrest Dr & Wallenberg Dr
stop_01999,98,11.022789115646258,98,98,14,645 Wallenberg Dr
stop_02000,111,12.08993993993994,111,111,12,671 Mesa Hills Dr
stop_02001,173,10.30568400770713,170,171,12,801 Mesa Hills Dr
stop_02002,252,10.331150793650792,249,249,14,Sunland Park Dr & Chermont Dr
stop_02003,272,10.136580882352941,270,271,14,Sunland Park Dr & Cadiz St
stop_02004,419,13.985560859188544,415,414,14,Sunland Park Dr & Fiesta Dr
stop_02005,1922,9.446999653139093,1908,1901,14,Shadow Mountain Dr & Mesa St
stop_02006,286,17.608158508158507,284,285,14,200 Shadow Mountain Dr
stop_02007,237,12.809915611814345,236,234,14,300 Shadow Mountain Dr
stop_02008,4332,22.84888427208372,4245,4024,14,Shadow Mountain Dr & Silver Springs Dr
stop_02009,512,14.989225260416667,504,500,14,Westwind Dr & Pino Real Dr
stop_02010,130,16.197307692307692,128,129,14,Westwind Dr & Burciaga Dr
stop_02011,115,14.749130434782609,112,111,14,Westwind Dr & Camino Fuente Dr
stop_02012,519,10.157803468208092,516,518,14,Westwind Dr & Belvidere St
stop_02013,117,16.885327635327634,116,116,14,Westwind Dr & Villa Hermosa Dr
stop_02014,69,13.416908212560386,68,69,14,Westwind Dr & Bellas Artes Dr
stop_02015,244,12.3650956284153,241,242,14,Westwind Dr & Brisa Del Mar Dr
stop_02016,538,10.061957868649317,535,537,14,Redd Rd & Westwind Dr
stop_02017,202,10.704042904290429,200,202,14,Redd Rd & Elon Ln
stop_02018,153,10.708823529411765,152,152,14,Redd Rd & Sam Horrel Way
stop_02019,109,10.6065749235474,109,108,14,Resler Dr & Imperial Ridge Dr
stop_02020,235,10.545957446808512,231,234,14,Resler Dr & High Ridge Dr
stop_02021,43,23.89883720930233,43,42,14,High Ridge Dr & Sun Shadow Dr
stop_02022,58,33.84655172413793,58,58,14,High Ridge Dr & Coyote Ln
stop_02023,301,10.578959025470654,298,298,14,Redd Rd & High Ridge Dr
stop_02024,63,11.615343915343916,63,63,14,Redd Rd & Canyon Run Dr
stop_02025,462,11.48430735930736,460,458,14,7189 Westwind Dr
stop_02026,60,11.456111111111111,60,59,14,Westwind Dr & Tepic Dr
stop_02027,121,15.527685950413222,120,121,14,Westwind Dr & La Placita Ave
stop_02028,63,11.312169312169312,62,62,14,Belvidere St & El Pinal Pl
stop_02029,137,10.138564476885644,136,136,14,Belvidere St & La Chapa Ave
stop_02030,35,10.565714285714286,35,35,14,Belvidere St & Espolon Dr
stop_02031,719,16.67737598516458,713,669,14,Belvidere St & Brisa Del Mar Dr
stop_02032,96,11.040798611111112,96,96,14,Belvidere St & White Cliffs Dr
stop_02033,129,12.927519379844963,126,126,14,Belvidere St & Darby Way
stop_02034,75,12.844444444444445,74,72,14,513 Belvidere St
stop_02035,48,11.739930555555555,48,48,14,Belvidere St & Armistad Ave
stop_02036,582,30.030784650630014,574,551,14,Crossroads Dr & Mc Clintock Dr
stop_02037,56,14.314285714285715,56,56,14,Belvidere St & Ramada Dr
stop_02038,106,11.968238993710694,104,104,14,Belvidere St & Orizaba Ave
stop_02039,132,12.000126262626262,130,128,14,600 Belvidere St
stop_02040,1221,9.344444444444445,1213,1211,14,Belvidere St & Resler Dr
stop_02041,81,13.011522633744857,81,80,14,Belvidere St & Tepic Dr
stop_02042,184,18.423641304347825,182,181,14,Westwind Dr & La Cadena Dr
stop_02043,187,13.376203208556149,187,182,14,345 Shadow Mountain Dr
stop_02044,661,11.154589006555724,655,653,14,Shadow Mountain Dr & Caprock Ct
stop_02045,265,16.738867924528304,264,265,14,Shadow Mountain Dr & Pebble Beach Dr
stop_02046,282,9.353132387706856,281,280,14,Shadow Mountain Dr & Enterprise Ct/Mesa St
stop_02047,584,11.602739726027398,578,578,12,Mesa Hills Dr & Sunland Park Dr
stop_02048,329,12.229179331306991,328,326,12,Mesa Hills Dr & Cromo Dr
stop_02049,98,9.949659863945577,98,98,14,650 Wallenberg Dr
stop_02050,196,12.13988095238095,194,193,12,Oregon St & Robinson Ave
stop_02051,392,10.923214285714284,391,391,12,1000 JC Machuca Apts
stop_02052,182,13.057875457875458,182,181,12,1045 Sunland Park Dr
stop_02053,512,12.4216796875,506,504,12,Country Club Rd & Ocotillo St
stop_02054,113,9.93598820058997,113,112,12,253 Country Club Rd
stop_02055,53,10.7625786163522,52,53,12,Country Club Rd & Meadowlark Dr
stop_02056,114,15.303508771929824,112,111,12,Country Club Rd & Thornton St
stop_02057,53,21.082389937106917,52,52,12,Montoya Dr & Tayopa Ct
stop_02058,23,9.715942028985507,22,21,12,Montoya Dr & Post Oak Ct
stop_02059,36,12.256018518518518,36,35,12,Montoya Dr & Mulberry Ave
stop_02060,64,20.22578125,64,64,12,Montoya Dr & Del Mar Dr
stop_02061,43,11.789922480620154,43,43,12,Redd Rd & Fernwood Cir
stop_02062,54,10.920370370370371,54,53,12,132 Redd Rd
stop_02063,168,11.134424603174603,166,167,12,Doniphan Dr & Mulberry Ave
stop_02064,505,12.077920792079208,500,498,12,Doniphan Dr & Lindbergh Ave
stop_02065,421,8.088994457640538,420,418,52,10500 Pebble Hills Blvd
stop_02066,32,11.263541666666667,32,32,52,10600 Pebble Hills Blvd
stop_02067,177,11.102919020715632,175,175,52,10780 Pebble Hills Blvd
stop_02068,294,8.828401360544218,294,293,52,11100 Pebble Hills Blvd
stop_02069,930,9.28942652329749,923,923,52,11300 Pebble Hills Blvd
stop_02070,71,14.655164319248826,71,70,52,11400 Pebble Hills Blvd
stop_02071,263,10.250253485424588,263,262,52,11500 Pebble Hills Blvd
stop_02072,149,12.94530201342282,148,148,52,11600 Pebble Hills Blvd
stop_02073,96,14.968055555555557,95,95,52,2800 Saul Kleinfeld Dr
stop_02074,94,12.007624113475178,93,93,52,2500 Saul Kleinfeld Dr
stop_02075,39,18.10811965811966,39,39,52,2600 Robert Wynn St
stop_02076,81,14.546502057613168,81,81,52,2500 Robert Wynn St
stop_02077,166,9.847289156626507,163,164,52,2400 Lee Blvd
stop_02078,492,22.434654471544714,486,474,52,10700 Pebble Hills Blvd
stop_02079,167,15.1062874251497,164,164,52,3300 Yarbrough Dr
stop_02080,513,20.861890838206627,509,490,52,3000 Wedgewood Dr
stop_02081,418,22.508692185007973,409,389,52,2829 Wedgewood Dr
stop_02082,25,10.282,25,25,52,2100 Wedgewood Dr
stop_02083,173,16.706358381502888,169,170,52,1400 Wedgewood Dr
stop_02084,157,12.106263269639067,157,155,52,7700 Springwood Dr
stop_02085,198,12.35547138047138,198,197,52,1100 Caper St
stop_02086,2436,8.678030925013685,2414,2395,58,Montana Ave & Hawkins Blvd
stop_02087,212,11.662264150943397,212,211,58,Montana Ave & Mattox St
stop_02088,186,12.4671146953405,186,185,58,Montana Ave & Shell St
stop_02089,540,10.182561728395061,538,538,58,Montana Ave & Rutherglen St
stop_02090,104,13.579647435897435,104,103,58,Montana Ave & Derrick Rd
stop_02091,1108,8.608558965102286,1095,1084,58,Montana Ave & Wedgewood Dr
stop_02092,180,9.58462962962963,180,179,58,Montana Ave & Lorne Rd
stop_02093,85,8.750588235294117,85,83,58,Montana Ave & Limerick Rd
stop_02094,2278,16.16731050629207,2250,2137,58,Montana Ave & Firestone
stop_02095,298,7.213702460850112,297,296,58,Montana Ave & Lee Trevino Dr
stop_02096,74,16.409234234234233,74,71,58,11124 Montana Ave
stop_02097,21,9.450793650793651,21,21,58,11100 Montana Ave
stop_02098,20,14.988333333333333,20,20,58,11890 Montana Ave
stop_02099,14,10.461904761904762,14,14,58,11200 Montana Ave
stop_02100,19,11.866666666666667,19,19,58,11540 Montana Ave
stop_02101,66,7.472979797979797,66,63,58,11600 Montana Ave
stop_02102,33,14.886363636363637,33,32,58,11750 Montana Ave
stop_02103,381,12.845363079615048,374,376,1,Kansas St & Mills Ave
stop_02104,67,8.830099502487561,67,66,57,8600 Boeing Dr
stop_02105,42,10.262698412698413,42,42,57,8300 Boeing Dr
stop_02106,26,10.547435897435898,26,26,57,7618 Boeing Dr
stop_02107,48,13.844097222222222,47,48,57,7335 Boeing Dr
stop_02108,44,11.668939393939395,43,44,57,7201 Boeing Dr
stop_02109,101,12.571617161716171,98,100,68,Lee Trevino Dr & Burnham Dr
stop_02110,235,11.598723404255319,235,235,68,1346 Lee Trevino Dr
stop_02111,1115,9.55067264573991,1110,1109,68,1448 Lee Trevino Dr
stop_02112,121,10.818044077134987,121,121,68,1490 Lee Trevino Dr
stop_02113,155,11.971290322580645,155,154,68,Lee Trevino Dr & Vista Lago Pl
stop_02114,700,9.716880952380953,694,697,68,1790 Lee Trevino Dr
stop_02115,936,9.681339031339032,934,932,68,1840 Lee Trevino Dr
stop_02116,178,8.431086142322098,178,178,68,3100 Lee Trevino Dr
stop_02117,549,10.267061323618702,544,545,1,Yarbrough Dr & Edgemere Blvd
stop_02118,209,11.656220095693781,208,208,68,Yarbrough Dr & Mauer Rd
stop_02119,273,10.762393162393161,273,272,69,Zaragoza Rd & Cashew Dr
stop_02120,7019,20.86554589922591,6811,6406,69,1030 Zaragoza Rd
stop_02121,111,13.431831831831833,109,110,69,Zaragoza Rd & Patrol Ave - Park
stop_02122,70,10.912142857142857,70,70,69,1310 Zaragoza Rd
stop_02123,117,12.461538461538462,117,116,69,1450 George Dieter Dr
stop_02124,372,9.809767025089606,370,370,69,1478 George Dieter Dr
stop_02125,869,13.536325278097431,862,851,69,1530 George Dieter Dr
stop_02126,229,10.690975254730713,228,228,69,1590 George Dieter Dr
stop_02127,91,13.963736263736264,91,90,1,George Dieter Dr & James Grant Dr
stop_02128,995,8.86854271356784,990,985,69,George Dieter Dr & Trawood Dr
stop_02129,66,7.918939393939394,64,65,84,340 Horizon Blvd
stop_02130,1,19.25,1,1,84,251 Horizon Blvd
stop_02131,76,7.944736842105263,76,76,84,Horizon Blvd & Montevideo St
stop_02132,68,10.384558823529412,66,67,84,Alameda Ave & Pace
stop_02133,14,13.83095238095238,14,14,84,Alameda Ave & Shanda Cir
stop_02134,16,9.020833333333334,16,15,84,Alameda Ave & Sun Park Rd
stop_02135,27,12.10925925925926,27,27,84,Alameda Ave & Vineyard Rd
stop_02136,114,11.442251461988304,114,114,84,Alameda Ave & Passmore Rd
stop_02137,42,11.471825396825396,42,42,84,11638 Alameda Ave
stop_02138,140,10.525119047619048,138,137,84,Alameda Ave & Melton Rd
stop_02139,29,12.674712643678161,29,29,84,11998 Alameda Ave
stop_02140,8,11.16875,8,8,84,12180 Alameda Ave
stop_02141,195,10.697606837606838,195,194,84,Alameda Ave & Camino De La Rosa Rd
stop_02142,113,8.428908554572272,112,113,84,Alameda Ave & Jeff Jones Dr
stop_02143,956,7.456694560669456,945,946,84,12800 Alameda Ave
stop_02144,180,11.51212962962963,179,176,84,9411 Alameda Ave
stop_02145,39,10.315384615384616,39,39,84,9169 Alameda Ave
stop_02146,38,8.291228070175439,38,38,84,12321 Socorro Rd
stop_02147,27,8.561111111111112,27,27,84,12195 Socorro Rd
stop_02148,91,10.36025641025641,90,91,84,Socorro Rd & Thompson
stop_02149,19,16.75,19,19,84,11831 Socorro Rd
stop_02150,23,8.302898550724638,23,23,84,11753 Socorro Rd
stop_02151,16,10.067708333333334,16,16,84,Socorro Rd & Lisa Diane Rd
stop_02152,39,10.219658119658119,39,39,84,Socorro Rd & Vineyard
stop_02153,13,10.851282051282052,13,13,84,Socorro Rd & F E Jackson Rd
stop_02154,22,10.950757575757576,22,22,84,Socorro Rd & Zebu Rd
stop_02155,7,9.464285714285714,7,7,84,10713 Socorro Rd
stop_02156,22,9.674999999999999,21,22,84,10624 Socorro Rd
stop_02157,48,19.427777777777777,46,48,84,10249 Socorro Rd
stop_02158,14,12.320238095238096,14,14,84,10221 Socorro Rd
stop_02159,74,11.46891891891892,73,74,84,10109 Socorro Rd
stop_02160,35,13.975238095238096,35,34,84,9983 Socorro Rd
stop_02161,42,10.67936507936508,42,42,84,9839 Socorro Rd
stop_02162,316,15.982278481012656,314,314,14,252 Shadow Mountain Dr
stop_02163,101,18.223267326732675,100,101,53,2404 Red Sails Dr
stop_02164,5184,9.288200874485597,5124,5043,14,Sunland Park Dr & Cromo Dr
